"index","index_start_at","integer","float","name","surname","fullname","email","bool"
1999,2054,19,19.1897,"Glenda","Cook","Theodore Douglas","betty@schultz.ie",true
2000,2055,25,12.8766,"Dwight","Sullivan","Russell Pope","greg@baker.bn",false
2001,2056,12,18.6722,"Jack","Schroeder","Tim Law","robert@abbott.np",false
2002,2057,12,10.6657,"Erin","Stanton","Sandy Case","caroline@snyder.sb",true
2003,2058,23,11.1314,"Gary","Bowers","Darlene Griffin","tommy@murphy.th",true
2004,2059,19,16.6909,"Hazel","Gordon","Eugene O","steven@hamilton.gl",true
2005,2060,41,15.6487,"Milton","Brantley","Claire Houston","stephanie@floyd.co",false
2006,2061,16,19.2058,"Holly","Bowers","Suzanne Clarke","claire@stanton.gi",true
2007,2062,47,13.6395,"Janet","Stevenson","Walter Rubin","karen@raynor.io",true
2008,2063,30,16.8317,"Joan","Roth","Kristina King","jennifer@spencer.mh",true
2009,2064,1,13.4811,"Chris","Lopez","Catherine Manning","jeanette@sullivan.ky",true
2010,2065,12,15.8052,"Kathleen","Warren","Jason Love","sean@turner.gb",false
2011,2066,44,14.0399,"Zachary","Vick","Danielle Bruce","stacy@mcallister.mt",false
2012,2067,11,15.0161,"Neal","Boyd","Judith McNamara","mary@bowden.sn",false
2013,2068,32,15.4962,"Edna","Olson","Marcia Reid","edna@mack.bn",true
2014,2069,31,15.6829,"Cathy","Hawley","Danielle Mueller","janice@mcallister.it",true
2015,2070,19,19.4583,"Joanne","Singer","Florence Li","norman@steele.py",true
2016,2071,29,10.221,"Leah","Keller","Dwight Cook","deborah@farmer.sb",true
2017,2072,27,19.5074,"Ben","Barton","Joseph West","don@graves.je",false
2018,2073,16,10.3131,"Rita","Crawford","Monica Tilley","ricky@beach.gm",true
2019,2074,0,16.1171,"Kent","Godfrey","Paige Gill","jeanette@barry.kh",false
2020,2075,7,13.163,"Mark","Lang","Geraldine Hoover","allen@kelley.org",false
2021,2076,11,19.3988,"Jason","Sullivan","Teresa Dodson","frederick@beach.je",true
2022,2077,32,11.8131,"Brooke","Johnston","Tracy Hull","erika@fleming.sd",false
2023,2078,10,14.6773,"Alan","Solomon","Catherine Duke","sharon@lloyd.is",true
2024,2079,21,12.4598,"Glenda","Gould","Tom Godfrey","wesley@davis.ws",false
2025,2080,23,17.9108,"Neal","Barton","Tammy Pugh","heather@burton.eg",true
2026,2081,27,19.5113,"William","O","Monica Vick","vicki@cain.vn",true
2027,2082,17,12.7311,"Helen","Coley","Kimberly Gibbons","calvin@perkins.nf",false
2028,2083,1,18.4974,"Christian","Love","Jesse Chang","audrey@burton.ls",false
2029,2084,46,19.6301,"Carrie","Olson","Joel Boykin","neal@barrett.jo",false
2030,2085,16,17.2012,"Marion","Stone","Lloyd Vick","leslie@case.ma",false
2031,2086,39,18.0362,"Kristin","Maynard","Mary Kirk","jan@pearson.sk",false
2032,2087,48,11.3662,"Kathy","Fisher","Holly York","ralph@clements.mm",false
2033,2088,13,17.9184,"Kathy","Nash","Regina House","sidney@proctor.tk",true
2034,2089,41,18.358,"Holly","Winters","Thomas Yang","valerie@pearce.de",false
2035,2090,42,19.6071,"Cheryl","Cox","Tracey Park","kelly@stout.bt",false
2036,2091,21,19.2941,"Mark","Chan","Zachary Steele","cecil@schroeder.ci",false
2037,2092,38,10.6535,"Hazel","Guthrie","Brett Freedman","amanda@mckay.bq",true
2038,2093,14,11.3753,"Martin","Bruce","Tara Frazier","alfred@middleton.gw",false
2039,2094,11,10.581,"Evelyn","Bowers","Jennifer Lopez","neal@puckett.cm",false
2040,2095,47,12.5727,"Tina","House","Franklin Pickett","gilbert@hill.hu",false
2041,2096,6,16.2338,"Patsy","Garrison","Doris Pugh","benjamin@chu.tg",true
2042,2097,25,10.6176,"Gina","Craven","Marilyn Hughes","kathleen@o.ml",true
2043,2098,49,17.7493,"Emily","Kang","Catherine Bray","gretchen@parrott.cc",false
2044,2099,9,17.6567,"Samantha","Clements","Norman Vick","stephen@dickson.tg",false
2045,2100,22,12.701,"Milton","Brantley","Jennifer Conrad","bradley@hill.mn",false
2046,2101,6,13.5285,"Benjamin","Gill","Dawn Shapiro","carl@caldwell.co",true
2047,2102,16,13.1461,"Melanie","Robinson","Katharine Harvey","rhonda@horowitz.do",true
2048,2103,38,10.2828,"Brenda","Coley","Edwin Byrne","nina@hewitt.gf",true
2049,2104,3,17.9919,"Jessica","Berger","Brett Jones","kate@hu.nc",true
2050,2105,0,18.1338,"Jordan","Knowles","Kenneth Jennings","joshua@mccormick.tl (changed from tp)",false
2051,2106,13,16.8861,"Jordan","Waters","Alice Ellis","joan@black.mp",true
2052,2107,11,18.0154,"Kay","Scott","Matthew Chan","sherry@sumner.tv",true
2053,2108,31,10.6582,"Virginia","Webb","Stephanie Cash","meredith@mckay.tl (changed from tp)",false
2054,2109,27,11.0244,"Alison","Mueller","Jimmy Bowden","nina@harrington.ax",true
2055,2110,8,14.7465,"Ben","Chase","Brett Watson","joel@henry.tc",false
2056,2111,8,12.3139,"Marian","Stark","Charlene Garrett","virginia@willis.al",true
2057,2112,41,15.0418,"Jerry","Wolf","Christy Shelton","marcia@ayers.ge",true
2058,2113,25,12.5292,"Edwin","Upchurch","Claire Bowling","shawn@gross.dz",true
2059,2114,6,11.518,"Eleanor","Diaz","Neal Steele","nina@quinn.rw",false
2060,2115,6,13.7562,"Melissa","Raynor","Katherine Hayes","tracy@mckenzie.cl",false
2061,2116,46,16.7974,"Marguerite","Stephenson","Christina Bolton","pauline@conner.ga",false
2062,2117,25,15.7944,"Stephen","Olson","Beth Hensley","carl@desai.ky",true
2063,2118,4,16.3015,"Leslie","Lutz","Jerome Gross","cathy@olson.sz",true
2064,2119,4,10.3514,"Milton","Black","Judith Bowles","joyce@cash.md",false
2065,2120,13,19.3349,"Jose","Blanchard","Lorraine Butler","sherry@kang.ai",true
2066,2121,46,15.1261,"Wesley","Rubin","George Adcock","marianne@cox.ar",true
2067,2122,14,11.7047,"Catherine","Carey","Randy Fernandez","cynthia@chan.in",false
2068,2123,26,12.273,"Gladys","Hoover","Chris Goldberg","christina@cox.hk",false
2069,2124,3,11.2419,"Willie","Hardy","Bonnie Mueller","ethel@hoover.fr",true
2070,2125,32,15.5995,"Clyde","O","Sherri Parsons","ronald@webb.er",true
2071,2126,6,10.3682,"Sidney","Francis","Thelma Hughes","barry@lin.nl",true
2072,2127,30,19.3668,"Audrey","Hardy","Jack Casey","eugene@melton.sa",false
2073,2128,27,15.4489,"Karen","Caldwell","Leroy Henry","troy@hicks.er",true
2074,2129,10,19.466,"Theodore","Singleton","Nina Lucas","lee@currie.bf",true
2075,2130,35,11.5066,"Claire","Fisher","Ronald Morse","renee@crawford.td",true
2076,2131,26,13.4855,"Beth","Holmes","Eric Reed","ben@french.gl",false
2077,2132,2,11.2553,"Julia","McIntyre","Jane Ellington","joseph@fleming.kh",true
2078,2133,11,16.7656,"Calvin","Weeks","Katherine Wrenn","claire@allen.tg",false
2079,2134,1,12.4875,"Scott","Harrington","Jerry Cox","bob@holden.mt",true
2080,2135,43,19.0654,"Milton","Nguyen","Kelly Quinn","eleanor@hubbard.ms",true
2081,2136,31,17.4214,"Louis","McPherson","Barbara Fox","darlene@conway.mz",false
2082,2137,5,17.9247,"Courtney","Love","Megan Dougherty","sherry@connolly.mil",false
2083,2138,9,16.9613,"Norman","Gordon","Gayle Davidson","pauline@weeks.so",false
2084,2139,44,18.8486,"Hazel","Justice","Jesse Underwood","ashley@beatty.gw",true
2085,2140,39,19.0926,"Gwendolyn","Hatcher","William McFarland","michele@bruce.ci",true
2086,2141,28,16.1152,"Erin","Garrett","Marlene Watkins","kim@heath.yt",true
2087,2142,8,19.9687,"Jose","O","Lewis McPherson","jason@chappell.cr",true
2088,2143,36,12.1863,"Jimmy","Summers","Samantha Pate","louis@livingston.tl (changed from tp)",true
2089,2144,32,15.69,"Dennis","Little","Katherine Wong","veronica@robinson.pr",true
2090,2145,24,13.1779,"Ben","Hodge","Harvey Koch","jack@atkins.kn",true
2091,2146,33,14.1063,"Natalie","Cherry","Gladys Blair","donna@moore.ci",false
2092,2147,30,12.4828,"Suzanne","Henry","Tracey Kenney","dwight@grimes.va",true
2093,2148,24,10.0349,"Kimberly","Anthony","Kurt Hardin","barbara@sanchez.to",true
2094,2149,25,14.3447,"Oscar","Solomon","Curtis Lutz","lloyd@graves.gf",false
2095,2150,30,12.0634,"Molly","Holloway","Marian Parrott","sidney@bender.om",false
2096,2151,36,10.0076,"Ken","Carver","Ben Steele","margaret@west.lc",false
2097,2152,35,19.426,"Kay","Lang","Elsie Fisher","barbara@o.gr",false
2098,2153,49,13.771,"Cheryl","Pritchard","Luis Gross","heather@zimmerman.md",false
2099,2154,10,11.2696,"Nina","Pope","Glenda Hardy","sean@reed.ae",true
2100,2155,47,12.7283,"Scott","Stanley","Karen Pritchard","nicholas@fitzpatrick.mh",false
2101,2156,42,17.6167,"Stacy","Langston","Lewis Norton","hannah@mcpherson.lt",true
2102,2157,9,17.4441,"Shannon","Moore","Ted Maynard","samantha@spivey.hn",false
2103,2158,35,14.683,"Ruth","Callahan","Lorraine Bruce","jordan@richardson.ye",true
2104,2159,22,15.9672,"Rachel","Clapp","Rodney Rich","neil@stanley.us",false
2105,2160,12,10.9145,"Lester","Manning","Elsie Scarborough","leon@mangum.kz",false
2106,2161,9,12.705,"Henry","Haynes","Evelyn Steele","nina@dickerson.bl",false
2107,2162,21,15.0975,"Zachary","Murphy","Dorothy Morse","hannah@hanson.mm",false
2108,2163,27,14.3934,"Arnold","Barr","Bernard Morris","lynne@pickett.tn",false
2109,2164,10,13.6212,"Joshua","Sinclair","Gloria Barry","tom@houston.bb",true
2110,2165,10,17.2327,"Kay","Liu","Eric Blackwell","rachel@mckay.vc",true
2111,2166,18,17.5806,"Marion","Coates","Mark Olsen","jerome@rowe.tr",false
2112,2167,33,13.2737,"Harold","Carter","Edgar Barton","kelly@capps.bv",true
2113,2168,8,16.5871,"Mike","Rowe","Richard Zhang","monica@lucas.fr",false
2114,2169,42,13.0266,"Jenny","Crawford","Charlene Barbour","toni@mcclure.ni",true
2115,2170,44,17.7037,"Marc","Britt","Cheryl Upchurch","don@sawyer.gm",false
2116,2171,32,19.9728,"Helen","Gross","Calvin Hawkins","neal@walton.ar",true
2117,2172,45,14.7407,"Pat","McLeod","Anna Christian","brenda@schwartz.af",false
2118,2173,9,15.8429,"Hugh","Lindsay","Philip Baldwin","janet@davidson.org",false
2119,2174,36,16.0684,"Alexander","Case","Marcia Atkins","ricky@nichols.sk",false
2120,2175,15,12.8801,"Shannon","Denton","Ashley Hinson","sandra@kay.kr",true
2121,2176,12,17.0873,"Gordon","Hale","Jordan Burke","nancy@chang.is",false
2122,2177,6,14.6471,"Natalie","Rosenthal","Caroline Vaughn","dianne@mack.ba",true
2123,2178,7,14.4677,"Cheryl","Carroll","Johnny Watkins","vivian@lopez.bf",true
2124,2179,12,13.1622,"Donna","Sherrill","Dwight Burke","greg@may.zm",false
2125,2180,9,16.3333,"Joann","Powers","Frances Sullivan","heidi@davidson.ms",false
2126,2181,34,17.6284,"Gretchen","Grossman","Evelyn Mitchell","beth@alexander.gd",false
2127,2182,33,11.1241,"Judith","Sawyer","Gloria McKenzie","sue@chambers.li",false
2128,2183,2,14.722,"Jennifer","Love","Tracy Dickerson","shannon@blanchard.np",true
2129,2184,37,16.8134,"Neal","Harrell","Shannon Walter","maxine@spivey.es",true
2130,2185,42,13.7016,"Jenny","Law","Carrie Olson","nicole@hoyle.mx",false
2131,2186,4,14.0613,"James","Holland","Heather Keller","aaron@galloway.so",false
2132,2187,44,13.2141,"Willie","Desai","Karen Christian","claire@harrell.gl",false
2133,2188,21,14.5501,"Melissa","Stephens","Mike Pitts","christina@rich.cf",true
2134,2189,34,11.6837,"Ronnie","Scarborough","Vivian Clements","malcolm@steele.aw",true
2135,2190,26,15.9512,"Henry","Mayo","Renee Law","neal@huffman.cm",true
2136,2191,38,16.2184,"Bonnie","Kang","Cheryl Lassiter","karen@stevens.il",true
2137,2192,38,16.2577,"Hannah","Coleman","Christina McIntosh","sidney@hayes.lk",true
2138,2193,46,18.4021,"Jacob","Allen","Maxine Bowles","peter@mann.mt",false
2139,2194,37,13.6086,"Harry","Weiner","Todd Denton","robin@freedman.ch",false
2140,2195,23,15.1924,"Glen","Honeycutt","Warren Coleman","edna@house.si",false
2141,2196,43,11.8707,"Julian","Goldman","Kimberly Hanna","jon@barrett.bd",true
2142,2197,8,15.4077,"Elisabeth","Sanchez","Stephanie Wolf","annie@house.fk",false
2143,2198,39,11.2818,"Dennis","Harrell","Leo Haynes","steven@stanton.be",false
2144,2199,44,13.4287,"Eddie","Hayes","Kathy Olson","nina@bowling.im",true
2145,2200,4,16.3684,"Nicholas","Weiner","Jeanette Holloway","amy@holloway.gq",false
2146,2201,25,10.7102,"Glenda","Horn","Charlene Schroeder","stacy@moore.so",false
2147,2202,10,19.7697,"Leo","Wiggins","Wendy Reid","clara@grossman.sj",true
2148,2203,38,13.4185,"Randall","Grant","Nina Harris","wesley@mckenzie.km",false
2149,2204,23,10.9545,"Jennifer","Roach","Roy Parsons","vicki@davenport.ci",true
2150,2205,13,18.4302,"Alan","Yates","Vincent Dillon","steven@branch.tg",false
2151,2206,39,11.8212,"Jacob","Kirby","Frances Vaughn","nina@harris.mh",true
2152,2207,17,19.6073,"Harold","Bowers","Vivian Chan","lloyd@siegel.ck",true
2153,2208,39,18.1212,"Evelyn","Dickerson","Denise Wolf","ashley@eason.mo",true
2154,2209,0,14.8325,"Sandra","Chang","Melinda Hutchinson","claire@parrott.es",true
2155,2210,0,11.3335,"Mary","Scarborough","Marlene Copeland","karen@song.il",true
2156,2211,3,19.2217,"William","Lindsay","Jenny Fox","vanessa@wu.in",false
2157,2212,8,17.0177,"Joyce","Underwood","William Bowers","teresa@robinson.ne",false
2158,2213,10,17.4123,"Teresa","Branch","Hannah O","ruth@dalton.pr",true
2159,2214,34,11.8913,"Brett","Coble","Marcus Pearce","kent@harris.se",true
2160,2215,34,12.6478,"Samantha","Bowling","Kathleen Lassiter","ted@song.vi",false
2161,2216,14,15.4254,"Susan","Singleton","Leo Kent","vincent@floyd.vc",false
2162,2217,7,13.7016,"Hannah","Preston","Allison Baker","samantha@hamrick.gp",false
2163,2218,18,19.8797,"Diana","Branch","Betty Hall","erica@blalock.gy",false
2164,2219,41,19.2906,"Christine","Nash","Joanna Lassiter","angela@hardy.jp",true
2165,2220,33,18.0842,"Glen","Mayer","Peter Lin","don@barton.va",false
2166,2221,41,12.7385,"Shirley","Rich","Gloria Goldman","kay@glass.cr",true
2167,2222,5,16.8858,"Judith","Lam","Nina Freeman","ellen@christian.vc",true
2168,2223,22,10.4737,"Herbert","Caldwell","Curtis Whitehead","steve@sutherland.tv",true
2169,2224,26,12.9646,"Jose","Crawford","Marion Cassidy","james@joseph.fo",false
2170,2225,5,13.3393,"Christina","Rogers","Kristen Archer","marc@lawrence.sh",false
2171,2226,45,12.1013,"Harry","Merritt","Donna Jennings","vicki@siegel.id",true
2172,2227,27,11.2871,"Floyd","Smith","Amy Watts","brett@mcknight.id",true
2173,2228,12,15.324,"Jan","Roth","Glenda Blair","joanne@mclean.bl",false
2174,2229,6,19.9505,"Jennifer","Harris","Lois Moss","vivian@middleton.us",true
2175,2230,40,10.2505,"Wesley","Rogers","Oscar Cooke","leroy@lynch.cv",false
2176,2231,13,13.0229,"Nina","McPherson","Neal Klein","vincent@robertson.pl",true
2177,2232,42,10.339,"Glenda","Teague","Peter McLean","cheryl@alston.nc",false
2178,2233,34,11.5086,"Christina","McMillan","Michelle Harvey","willie@rich.np",true
2179,2234,41,17.8503,"Lloyd","Briggs","Jason Summers","christine@banks.edu",false
2180,2235,7,19.4312,"Katie","Pickett","Brooke Walton","george@horne.tt",false
2181,2236,20,13.5425,"Stacy","Wallace","Gayle Holland","karen@steele.bt",false
2182,2237,48,16.9058,"Gina","Stout","Gretchen Goldman","susan@davidson.li",true
2183,2238,37,18.6324,"Dorothy","Moore","Sheryl Davis","tom@black.es",false
2184,2239,0,18.5457,"Pat","Sutton","Terry Matthews","mitchell@wagner.hu",true
2185,2240,40,16.7152,"Allen","Vaughn","Lillian Godfrey","anne@schwartz.co",false
2186,2241,13,10.4373,"Ben","Beatty","Ricky Gross","alexander@parrott.net",false
2187,2242,8,18.4118,"Amanda","Herbert","Peter Hardy","leo@perkins.lb",true
2188,2243,36,18.8614,"Danielle","Waller","Dana Woods","joseph@kennedy.ca",false
2189,2244,41,18.1621,"Tim","Cooke","Julia Rose","keith@walton.tr",false
2190,2245,43,19.4886,"Tammy","Walters","Patrick McKinney","glenda@sharma.ch",false
2191,2246,0,19.0535,"Robert","McMahon","Jose Harris","wesley@sharp.gf",true
2192,2247,31,12.8911,"Karen","Wagner","Faye McIntosh","geoffrey@kelley.is",true
2193,2248,48,16.1727,"Joel","Fink","Don Hull","emma@pittman.bi",false
2194,2249,15,10.5853,"Diana","Bolton","Gilbert King","becky@montgomery.ki",true
2195,2250,18,11.0718,"Judy","Mueller","Angela Rosenthal","frederick@horne.vu",false
2196,2251,46,12.1791,"Michele","Riddle","Natalie Katz","oscar@dale.pt",true
2197,2252,2,19.5947,"Richard","Francis","Lloyd Payne","timothy@sullivan.im",true
2198,2253,42,14.7996,"Sharon","Ellis","Henry Waller","kristine@rodgers.mx",false
2199,2254,23,14.6609,"Jack","Parks","Louis Finch","danielle@mcallister.ie",false
2200,2255,45,19.9463,"Jeremy","Kern","Oscar Roy","sarah@robinson.wf",false
2201,2256,40,17.8181,"Leroy","Scott","Lorraine Hamrick","steven@wolfe.gu",true
2202,2257,29,18.8124,"Melinda","Gray","Peter Mayer","jim@farrell.jp",true
2203,2258,1,12.3633,"Hazel","Byrd","Gladys Lindsay","randall@bowman.sk",true
2204,2259,7,15.3654,"Lee","Kemp","Ken Snyder","brandon@barefoot.mr",false
2205,2260,48,17.3092,"William","Abbott","Claire Wiggins","bill@hicks.bh",false
2206,2261,24,14.2381,"Marcus","Jensen","Regina Stanley","jessica@holland.dj",false
2207,2262,31,11.6124,"Wanda","Cates","Diana Law","betsy@weeks.mn",false
2208,2263,12,11.0067,"Alice","Hobbs","Janet Langston","hazel@floyd.si",true
2209,2264,44,11.5562,"Janet","McKenna","Nina Davenport","allison@byrd.aq",false
2210,2265,1,13.5827,"Kelly","Proctor","Betty Hester","nina@law.pr",false
2211,2266,11,14.4523,"Albert","Hubbard","Dwight McCall","judith@hamrick.ms",true
2212,2267,10,16.1295,"Stacey","Heath","Warren Humphrey","sue@steele.cm",false
2213,2268,46,14.2282,"Gregory","Chappell","Jeff Craig","brooke@franklin.qa",true
2214,2269,44,16.2603,"Henry","Sinclair","Claude Walters","bradley@burgess.md",false
2215,2270,38,12.1065,"Toni","Blalock","Ashley Parks","gary@bender.gp",false
2216,2271,24,11.5243,"Barry","Stanton","Hazel Bowers","louis@graves.jm",true
2217,2272,4,15.1511,"Marshall","Branch","Frederick Fischer","peggy@weinstein.sn",false
2218,2273,21,10.2733,"Allen","Hobbs","Joan Byrd","ben@lucas.af",true
2219,2274,3,13.0265,"Arnold","Herbert","Eddie Thornton","joann@blum.al",true
2220,2275,20,19.0117,"Joseph","Middleton","Justin Kelley","willie@barefoot.gh",false
2221,2276,23,16.6227,"Joann","Lloyd","Sherri Waller","faye@hendrix.id",false
2222,2277,32,16.9927,"Robyn","Hobbs","Judith Stuart","ben@brantley.tl (changed from tp)",false
2223,2278,16,19.0945,"Marsha","Newton","Dana Fletcher","peter@jennings.zw",true
2224,2279,29,11.1318,"Franklin","Dodson","Gloria Burgess","milton@conner.tz",false
2225,2280,31,15.0029,"Wendy","Best","Carolyn Casey","kim@godfrey.er",true
2226,2281,10,19.3881,"Robyn","Singleton","Nancy Atkins","todd@sharma.tl (changed from tp)",true
2227,2282,25,16.3267,"Gregory","Chang","Courtney Butler","bobby@webb.aq",false
2228,2283,10,16.1425,"Tommy","Johnston","Bradley Davidson","kimberly@lopez.lt",true
2229,2284,38,19.184,"Kent","Hobbs","Sidney Stanton","marvin@kramer.bo",false
2230,2285,14,11.0772,"Ashley","Moss","Teresa Crane","mary@moore.tt",true
2231,2286,35,13.0743,"Milton","Yates","Richard Garrett","lee@warner.az",false
2232,2287,46,10.2102,"Nicholas","Lindsay","Eddie Ritchie","todd@bishop.hm",false
2233,2288,31,17.8406,"Tracey","McKay","Willie Hernandez","erica@glover.ie",true
2234,2289,17,16.1838,"Christina","Olson","Annie Mills","lewis@case.se",true
2235,2290,12,19.9492,"Audrey","Thornton","Jimmy Pitts","tracy@livingston.ae",true
2236,2291,39,12.443,"Claude","Poole","Kerry Chandler","paige@aldridge.fr",true
2237,2292,44,18.7624,"Don","Yates","Hazel Nance","joel@mcnamara.lu",false
2238,2293,34,12.7764,"Jeanette","Corbett","Katherine Case","jennifer@ritchie.sb",false
2239,2294,39,13.4587,"Gretchen","Clarke","Dolores Underwood","ethel@monroe.cz",false
2240,2295,12,10.4711,"Patsy","Wolfe","Tonya Denton","melinda@james.gr",true
2241,2296,10,14.8002,"Louise","Rogers","Marsha Bowers","lorraine@hartman.lt",true
2242,2297,18,13.0486,"Tony","Sherrill","Elaine Dalton","claire@keller.tl (changed from tp)",true
2243,2298,33,17.4591,"Ben","McLaughlin","Calvin Barton","erica@phillips.dk",true
2244,2299,0,17.2963,"Edna","Henry","Glenda Norman","natalie@hood.tn",false
2245,2300,40,17.2701,"Gwendolyn","Nichols","George Waters","peter@petersen.gy",false
2246,2301,26,15.5931,"Jim","Bowling","Sharon Chu","renee@morgan.bg",false
2247,2302,14,13.2625,"Dennis","Graves","Faye Harmon","beth@lindsay.eh",false
2248,2303,21,17.2268,"Marion","Barton","Herbert Wiggins","robin@lyons.au",true
2249,2304,22,18.2992,"Steve","Lawson","Linda Owens","judy@lehman.lt",false
2250,2305,35,17.7292,"Martin","Woods","Nathan Davenport","joyce@kelley.mf",true
2251,2306,32,11.0579,"Eleanor","English","Dorothy Glover","marsha@bowling.et",true
2252,2307,43,18.5357,"Lester","Ross","Meredith Bolton","charlene@vick.cu",false
2253,2308,10,16.6257,"Maria","Lanier","Joseph Carroll","calvin@pickett.sc",true
2254,2309,46,11.5891,"Tracy","McAllister","Allen Starr","leah@olsen.de",false
2255,2310,44,15.0288,"Andrew","McClure","Sidney Mitchell","marsha@lowry.pt",false
2256,2311,15,16.9235,"Willie","Starr","Priscilla Woods","lewis@bailey.dk",true
2257,2312,30,14.5939,"Kyle","Barefoot","Tony Pitts","marian@watts.ss",false
2258,2313,29,11.4776,"Martin","McClure","Julie Eason","henry@scarborough.edu",true
2259,2314,33,13.59,"Hannah","Hoover","Gloria Walter","allan@francis.tj",true
2260,2315,15,18.5039,"Scott","Clarke","Gladys Conner","danny@scarborough.ng",true
2261,2316,47,13.4493,"Martin","Fox","Stephen Terrell","molly@martin.ni",true
2262,2317,39,12.7137,"Ted","Scarborough","Charlene Padgett","tony@li.vn",false
2263,2318,11,11.1269,"Yvonne","Mangum","Regina Schultz","henry@jennings.tr",true
2264,2319,44,10.7881,"Penny","Heath","Sheryl Swanson","theodore@hinton.do",true
2265,2320,28,11.0509,"Emily","Kinney","Bob Sherrill","nicholas@o.nc",true
2266,2321,3,14.9961,"Donald","Spivey","Sandra Hardy","hazel@henry.cm",false
2267,2322,28,10.467,"Johnny","McKnight","Nicholas Sharpe","franklin@ford.yt",true
2268,2323,6,12.2526,"Alison","Li","Gilbert Butler","cynthia@harris.ro",false
2269,2324,11,16.4399,"Mike","Lam","Cathy Houston","marion@knowles.gb",true
2270,2325,39,15.2603,"Sue","Bruce","Barry Hayes","angela@blackwell.se",false
2271,2326,35,13.6231,"Sandra","Schroeder","Laurence Blackburn","melinda@hardin.gu",false
2272,2327,23,17.4414,"Lillian","Francis","Colleen Cooke","glen@ford.pe",true
2273,2328,20,17.8361,"Pat","Goldberg","Marvin Kinney","hazel@bowling.ng",true
2274,2329,33,17.9569,"Shirley","Barrett","Julia Wang","tim@carlton.am",false
2275,2330,48,18.059,"Katharine","Coley","Denise Jennings","craig@clarke.za",false
2276,2331,17,11.206,"Valerie","Hinson","Lucy Hamrick","alexander@bender.bg",false
2277,2332,43,19.0484,"Leo","Cannon","Carrie Field","edna@livingston.ar",true
2278,2333,37,12.2561,"Thelma","Finch","Natalie Hanna","keith@durham.om",false
2279,2334,14,11.855,"Vincent","Thomas","Frances Huff","rhonda@holloway.pe",false
2280,2335,29,18.0484,"Adam","Allen","Marc Roy","jennifer@warner.cz",true
2281,2336,19,19.9059,"Beth","Knowles","Hazel Ross","maxine@moore.gs",true
2282,2337,15,16.5496,"Katie","Barrett","Ben Rowland","nicholas@dolan.tn",false
2283,2338,20,19.5293,"Todd","Olson","Marianne Russell","george@sparks.py",false
2284,2339,41,14.8585,"Penny","Burch","Allison Robinson","martin@lindsay.mn",true
2285,2340,32,17.8905,"Emily","Nichols","Christopher Lassiter","franklin@carlton.ci",false
2286,2341,40,18.4107,"Toni","Braswell","Clifford Baker","ronald@olsen.fm",true
2287,2342,43,11.8803,"Neil","Stone","Kenneth Weber","judy@reid.fm",false
2288,2343,26,12.0876,"Faye","Kang","Wesley McLean","kara@kelley.iq",true
2289,2344,42,16.9697,"Maxine","Nichols","Sheryl Casey","sharon@york.tv",true
2290,2345,37,14.6326,"Tina","Walter","Sue Singleton","george@fletcher.gt",true
2291,2346,2,10.9547,"Shannon","Dalton","Oscar Bowles","kara@anderson.ie",true
2292,2347,4,11.3527,"Jerome","Ballard","Brett Sellers","kristine@conway.dz",true
2293,2348,11,17.0748,"Vickie","Heath","Craig Parsons","dwight@benson.ye",false
2294,2349,42,14.4059,"Arnold","O","Tina Davidson","katharine@burgess.gy",true
2295,2350,19,16.6082,"Patricia","Ellis","Marian Matthews","philip@pearson.kg",false
2296,2351,44,19.3623,"Wayne","Wall","Carrie Li","courtney@ford.gy",true
2297,2352,32,10.2865,"Kent","Cash","Erin Bowman","paul@stevens.is",true
2298,2353,24,15.4105,"Glenda","Cain","Debra Chambers","theresa@lutz.sm",false
2299,2354,42,19.3998,"Emma","Yang","Randy Lang","linda@watson.cg",false
2300,2355,33,17.9877,"Clyde","Grossman","Darlene Christensen","peter@chang.mr",true
2301,2356,44,19.7954,"Luis","Thomas","Jessica Lynn","marion@scott.no",true
2302,2357,34,18.6451,"Robert","Woods","Nathan Adkins","lillian@hawkins.aq",false
2303,2358,49,18.4244,"Vickie","James","Calvin Norman","theodore@lane.aq",true
2304,2359,2,16.9829,"Oscar","Cates","Vincent Murphy","gary@grant.ls",false
2305,2360,5,12.2963,"Rita","Sykes","Cynthia Lindsay","randall@zhang.se",false
2306,2361,6,19.9563,"Amanda","Francis","Carole Adkins","alfred@rich.sd",true
2307,2362,6,15.4237,"Willie","Rich","Keith Steele","marguerite@fernandez.cr",false
2308,2363,20,13.1416,"Peggy","Vick","Tamara Nash","jason@mangum.va",true
2309,2364,25,11.9178,"Kent","Stout","Luis Kramer","kimberly@coble.ck",false
2310,2365,46,11.2389,"Lester","Eason","Nancy Nguyen","ashley@dickinson.tc",true
2311,2366,7,13.8373,"Benjamin","Tyler","Guy Curry","eric@starr.au",false
2312,2367,43,17.8773,"Judy","Murphy","Julie Cox","frances@rao.na",false
2313,2368,34,10.3572,"Glenda","Livingston","Todd Hedrick","allison@daniel.in",false
2314,2369,18,19.6632,"Martin","Kirk","Gretchen Monroe","hazel@hobbs.am",false
2315,2370,37,18.4113,"Alice","Hu","Peggy Anthony","calvin@sanchez.rw",true
2316,2371,18,13.2294,"Cynthia","Burke","Brian Coates","melanie@swanson.kp",false
2317,2372,46,16.869,"Elaine","Becker","Erin Jennings","ann@townsend.mu",true
2318,2373,21,18.3664,"Sherry","McIntosh","Cynthia Johnson","alfred@rogers.zw",true
2319,2374,26,11.7973,"Melanie","Wang","Brenda Hinson","bernard@crabtree.co",true
2320,2375,1,19.9246,"Eddie","Walsh","Chris Greenberg","cecil@waters.ml",true
2321,2376,44,12.6786,"Karen","Cooke","Megan Webb","wendy@pickett.my",false
2322,2377,0,10.9933,"Eddie","Cooke","Jack Schultz","steve@rowe.cl",false
2323,2378,16,10.8493,"Eleanor","Lucas","Louis Winters","lois@ritchie.ae",false
2324,2379,0,16.3484,"Brenda","Heath","Amanda Strickland","dianne@hayes.tj",true
2325,2380,23,17.2715,"Joel","Burnett","Veronica Allison","elsie@dillon.td",true
2326,2381,48,12.8971,"Molly","Neal","Allison Schultz","christopher@palmer.dz",false
2327,2382,27,17.8531,"Kate","Bray","Jackie Blackburn","joan@fisher.tl (changed from tp)",false
2328,2383,43,14.3695,"Marshall","Hood","Scott Stephens","cathy@shapiro.tg",true
2329,2384,35,15.2901,"Gretchen","Lloyd","Stacey Gonzalez","glen@yates.yt",true
2330,2385,49,13.5205,"Wayne","Callahan","Kay Carlton","joanne@mack.md",true
2331,2386,40,15.6375,"Alan","McAllister","Glen Starr","bradley@lucas.gl",true
2332,2387,48,14.5122,"Roger","Bowers","Maria Branch","leo@chandler.th",true
2333,2388,33,19.608,"Eileen","Freedman","Christina Knowles","tommy@stephens.om",false
2334,2389,7,11.0575,"Megan","Eaton","Brandon Garcia","joel@houston.si",true
2335,2390,14,12.8831,"Jennifer","Pritchard","Bob Pollard","pat@norman.hk",true
2336,2391,26,19.5448,"Gary","O","Constance Hedrick","brian@scott.bf",false
2337,2392,31,17.8265,"Claude","Townsend","Seth Burnett","vincent@dyer.gn",true
2338,2393,21,16.9186,"Julie","Wu","Wade Pitts","lynn@parsons.gh",true
2339,2394,3,16.1717,"Lee","Robinson","Christian Rosenthal","marianne@branch.wf",true
2340,2395,24,11.1049,"Ted","Nichols","Calvin Kelley","kim@nguyen.py",true
2341,2396,42,14.3424,"Kay","Carey","Raymond Mills","wesley@henderson.bi",false
2342,2397,25,19.3255,"Lorraine","Reed","Jason Pitts","sharon@garcia.hu",true
2343,2398,17,19.0137,"Sherri","Choi","Calvin Ritchie","paige@conway.va",false
2344,2399,3,17.8721,"Lynne","Pridgen","Allen Hayes","clara@hess.mw",false
2345,2400,45,17.0303,"Maureen","Hoyle","Lynn Farrell","faye@mcclure.mv",true
2346,2401,27,13.1993,"Sheryl","Frazier","Jay Freeman","jeff@mangum.ni",true
2347,2402,18,17.1615,"Frances","Roy","Alison Pridgen","richard@o.sv",true
2348,2403,34,19.8628,"Jay","Baker","Marsha Fischer","tracey@parsons.tm",true
2349,2404,7,16.4798,"Theresa","Sumner","Mary Wiley","roger@mills.nz",false
2350,2405,27,13.3311,"Julia","Lang","Amy Currie","regina@carver.lc",false
2351,2406,15,17.7784,"Nancy","Barrett","Francis Bunn","katherine@cox.sj",true
2352,2407,21,16.3458,"Robyn","Paul","Patricia Blalock","geraldine@weiner.tw",true
2353,2408,25,15.4169,"Ian","Hatcher","Larry Mueller","stephanie@case.gf",false
2354,2409,28,10.5819,"Guy","Bowling","Ben McLean","wesley@parrott.tv",true
2355,2410,47,19.4998,"Mark","Kaplan","Kenneth Honeycutt","benjamin@scarborough.lt",true
2356,2411,2,15.6014,"Lynn","Rosenthal","Deborah Heller","lillian@parks.td",false
2357,2412,13,10.2848,"Ross","Simpson","Pat Goldman","martin@mcconnell.ga",true
2358,2413,29,10.7528,"Joanna","Rich","Stacy Spivey","stacy@dale.fi",true
2359,2414,17,19.0918,"Brandon","Massey","Derek Schroeder","lynn@hendrix.mz",false
2360,2415,21,16.3136,"Carol","Hayes","Barry Winters","francis@grimes.mw",false
2361,2416,39,19.8612,"Judy","Crawford","Jose Lassiter","linda@wong.pm",false
2362,2417,39,14.0077,"Gayle","Kramer","Alan Shapiro","guy@parsons.ro",false
2363,2418,47,12.332,"Peggy","Nixon","Don Shapiro","emily@cline.nc",true
2364,2419,42,15.7499,"Karen","Woodard","Dorothy Pate","christopher@webb.nu",false
2365,2420,17,19.5398,"Gordon","McNeill","Vanessa Wall","eddie@hughes.sr",false
2366,2421,25,10.4032,"Michele","Dunn","Milton Walter","miriam@dillon.fm",true
2367,2422,42,11.5716,"Brenda","Sullivan","Kelly Singleton","joy@fletcher.br",false
2368,2423,17,18.9558,"Betty","McLean","Angela Jennings","jim@reilly.vn",true
2369,2424,20,18.1608,"Oscar","Sherrill","Marian Wagner","franklin@proctor.to",false
2370,2425,13,12.8414,"Eva","Rich","Evan Sherrill","sara@richardson.si",false
2371,2426,17,17.9722,"Charles","Yates","Jane Cochran","don@davies.gn",true
2372,2427,3,15.3515,"Nicole","Pittman","Dawn Sanchez","joel@lindsay.nc",false
2373,2428,9,19.3803,"Beth","Bender","Meredith Moore","clyde@byrne.np",true
2374,2429,28,17.3723,"Jordan","Hendrix","Larry Thompson","maxine@skinner.com",true
2375,2430,44,11.6177,"Robyn","Ross","Warren Li","harriet@norman.gn",true
2376,2431,20,18.6939,"Franklin","Walter","Vincent Goldman","samantha@freeman.bh",false
2377,2432,8,12.9494,"Charlene","Casey","Amy McCall","karen@blackburn.my",true
2378,2433,43,17.5493,"Lynda","Bolton","Maria Phillips","jeanette@boswell.fj",false
2379,2434,29,19.119,"Vincent","Anthony","Juan Farrell","renee@sutton.sd",true
2380,2435,25,18.0414,"Rita","Lloyd","Ricky Sumner","karen@moss.gm",true
2381,2436,47,10.6372,"James","Garrett","Francis Monroe","ben@gilbert.ga",false
2382,2437,21,10.5974,"Peggy","Hull","Lawrence Nance","hazel@herbert.gt",false
2383,2438,38,10.2771,"Randy","Smith","Leon McKay","crystal@gay.pg",true
2384,2439,30,15.5617,"Kathleen","Starr","Robert Lam","jonathan@casey.us",true
2385,2440,46,19.1689,"Leah","Huff","Judy Hall","vincent@curtis.mn",false
2386,2441,20,11.8592,"Claude","Curry","Dorothy Griffin","johnny@barber.dj",false
2387,2442,47,19.1874,"Harvey","Diaz","Johnny Hartman","edgar@braswell.tt",false
2388,2443,33,16.1975,"Ruth","Lucas","Sherri Frazier","jose@stephens.tf",false
2389,2444,22,11.2562,"Neal","Klein","Clara McCormick","amanda@freedman.mz",true
2390,2445,2,12.0421,"Toni","Hansen","Samuel Grossman","jordan@brown.ai",true
2391,2446,46,17.7541,"Marianne","Crews","Lester Moore","beth@sinclair.me",true
2392,2447,4,13.3596,"Karl","Briggs","Laura Gross","cheryl@fox.gd",true
2393,2448,43,13.6974,"Vickie","Boyette","Clifford Pearce","rhonda@harrington.bw",false
2394,2449,30,18.6514,"Ronald","Robertson","Sandra McLaughlin","stacy@underwood.cf",false
2395,2450,49,15.6917,"Constance","Clements","Jose McCall","robert@dickerson.cz",true
2396,2451,2,10.0341,"Sue","Gibson","Glenda Sullivan","hugh@olson.cx",false
2397,2452,35,15.9467,"Derek","Moore","Melinda Vaughan","mark@chandler.mo",true
2398,2453,27,10.6743,"Audrey","Gould","Kimberly Braswell","erin@erickson.pa",true
2399,2454,34,17.9073,"Charlene","Haynes","Melanie Lassiter","eric@koch.eg",true
2400,2455,38,17.8279,"Vernon","McConnell","Jesse Nixon","gary@briggs.fo",true
2401,2456,21,10.4373,"Ricky","Kang","Clarence Hunt","patrick@moore.sl",true
2402,2457,48,19.2371,"Guy","Weeks","Dwight Owen","katie@coates.fm",true
2403,2458,49,14.6765,"Cecil","Bruce","Bill Stuart","todd@meadows.sl",false
2404,2459,7,15.5525,"Edgar","Elmore","Mike Pittman","ashley@baker.id",true
2405,2460,26,14.7777,"Lynne","Harrell","Janice McIntyre","helen@cook.bo",false
2406,2461,25,13.1089,"Benjamin","Bowling","Samantha Chandler","ashley@cooper.pn",true
2407,2462,14,10.9696,"Donna","McKenzie","Nicholas Hicks","ryan@fitzpatrick.bq",true
2408,2463,16,16.4498,"Calvin","Dale","Shelley Odom","sheryl@turner.bl",true
2409,2464,2,13.6426,"Sean","Lucas","Theodore Sherrill","renee@powers.gb",false
2410,2465,19,14.0978,"Jeff","Elmore","Elsie Hatcher","shirley@pearson.eh",false
2411,2466,28,10.2456,"Lynne","Scott","Alfred Creech","frances@lopez.kg",true
2412,2467,34,18.9578,"Karen","Woods","Erin Massey","nelson@floyd.my",false
2413,2468,20,17.3441,"George","Chen","Glenda Robinson","nina@kelley.bv",false
2414,2469,21,13.715,"Rodney","Cates","Beth Law","harriet@corbett.ms",true
2415,2470,37,10.0634,"Renee","Simmons","Leroy Leach","annie@rodgers.ec",true
2416,2471,16,13.7116,"Nelson","Love","Guy Stephens","betty@rosenberg.sk",false
2417,2472,33,19.7405,"Crystal","Ford","Ben Diaz","christy@watts.ro",false
2418,2473,34,11.9876,"Jesse","McKee","Cheryl Murphy","catherine@johnston.mc",true
2419,2474,28,10.6175,"Gayle","Nixon","Benjamin Walton","donna@grant.ci",true
2420,2475,26,13.6492,"Jerome","Lamb","Roger Gray","glenda@mcneill.ie",true
2421,2476,41,10.5188,"Melanie","Whitehead","Kelly Blackwell","bobby@terrell.se",true
2422,2477,9,18.0461,"Ben","Becker","Constance Starr","melinda@hartman.gf",true
2423,2478,25,19.6946,"Nina","Wiley","Stephanie Dickinson","chris@case.va",false
2424,2479,40,15.9462,"Marlene","Waller","Ben Kelley","brent@schroeder.rs",false
2425,2480,45,15.156,"Diana","Rice","Shannon Jones","kay@braswell.ai",true
2426,2481,20,15.8402,"Vivian","Katz","William Henderson","monica@upchurch.lc",false
2427,2482,1,13.4144,"Tamara","Francis","Sherri Horne","gayle@desai.ci",false
2428,2483,13,17.1774,"Jessica","Buckley","Monica Quinn","steven@godfrey.fr",false
2429,2484,24,19.7612,"Tracy","Vincent","Dwight Boyd","jerome@douglas.pw",false
2430,2485,39,11.3217,"Alvin","Watson","Miriam Fischer","lorraine@aycock.mw",true
2431,2486,30,16.1411,"Jordan","Ayers","Geraldine Daniel","barry@rodgers.ie",true
2432,2487,44,12.1577,"Nancy","English","Miriam Hunt","brandon@manning.ky",true
2433,2488,31,10.1408,"Alfred","Pitts","Paige Riley","teresa@underwood.ao",true
2434,2489,38,17.0689,"Dwight","Frazier","Tim Finch","marian@caldwell.mt",false
2435,2490,6,13.631,"Clifford","Hubbard","Carrie Kirk","vincent@puckett.gi",true
2436,2491,27,11.0136,"Bill","Smith","Calvin Beasley","annie@lin.rs",false
2437,2492,14,14.6356,"Judith","Starr","Carrie Alexander","kimberly@russell.dk",false
2438,2493,40,10.834,"Julia","Floyd","Chris O","walter@grossman.mq",true
2439,2494,10,17.2158,"Gilbert","Pearce","Brett Pittman","vicki@brantley.tv",true
2440,2495,13,19.0151,"Edgar","King","Erin Padgett","joseph@yates.nl",true
2441,2496,12,12.0845,"Jordan","Grant","Allen Pittman","stacy@melton.ro",false
2442,2497,28,18.7235,"Neil","Meadows","Robyn Garcia","audrey@harris.mn",false
2443,2498,6,12.3301,"Raymond","Kelly","Bill Barton","heidi@kay.lk",false
2444,2499,5,13.3502,"Jeff","Watkins","Sara Kane","chris@moore.al",true
2445,2500,8,13.0993,"Richard","Kaplan","Dan Barbour","neal@o.jm",false
2446,2501,46,19.2132,"Kara","Boykin","Janice Desai","neal@woodward.sl",true
2447,2502,23,19.8466,"Martin","Brock","Gina Garrison","vickie@haynes.bs",false
2448,2503,32,15.2859,"Holly","Sherrill","Jason Vaughn","kate@allen.ni",true
2449,2504,34,19.1532,"Leon","Richards","Tamara Aldridge","gregory@gibson.md",true
2450,2505,4,19.9863,"Nina","Ballard","Theodore Goldman","bradley@kelley.na",false
2451,2506,4,18.1825,"Kenneth","Padgett","Lester Puckett","keith@abbott.nc",false
2452,2507,9,13.6078,"Kenneth","Kenney","Geraldine Newton","brent@blackburn.si",false
2453,2508,1,18.4855,"Bradley","Kent","Suzanne Olson","beth@rose.ml",true
2454,2509,12,16.4858,"Gretchen","Barrett","Lucy Crane","donna@lawson.ai",false
2455,2510,11,12.6333,"Tracey","Glover","Gretchen Hull","philip@goldberg.dk",false
2456,2511,0,17.5703,"Allen","Parks","Kimberly Curtis","vanessa@wallace.gy",false
2457,2512,10,17.2805,"Rick","Rice","Theodore Field","ronald@davenport.cm",true
2458,2513,40,14.1962,"Mary","Sawyer","Stephen Rich","cynthia@brock.eg",false
2459,2514,9,14.0169,"Rhonda","Haynes","Sue Freeman","geoffrey@long.gy",false
2460,2515,41,13.2872,"Priscilla","Hardison","Sidney McLaughlin","donald@drake.mh",true
2461,2516,21,15.7096,"Joseph","Dale","Rebecca Coates","harry@reid.st",true
2462,2517,42,18.462,"Elaine","Parrott","Ben Adcock","amanda@kelly.co",true
2463,2518,40,11.7214,"Alan","Link","Louis Wolf","roy@cooke.fk",false
2464,2519,22,15.5811,"Shawn","McKay","Melinda O","theodore@arnold.vc",false
2465,2520,3,17.3489,"Bernard","Currin","Vivian Hardy","matthew@robertson.bl",false
2466,2521,39,19.7429,"Eddie","Pitts","Wesley Sumner","franklin@wagner.so",false
2467,2522,4,10.4317,"Cheryl","O","Marcia Fuller","clifford@cooper.st",false
2468,2523,10,16.3757,"Jeanne","Pugh","Beth Burnett","diana@henry.kp",false
2469,2524,7,14.2208,"Audrey","Rosenthal","Don Puckett","samuel@owens.st",false
2470,2525,6,13.0309,"Leah","Scarborough","Jon Hirsch","sidney@baker.gb",false
2471,2526,39,14.9558,"Hazel","McNeill","Darlene Baker","sue@glover.sd",true
2472,2527,32,11.0725,"Sidney","Stevenson","Guy Conway","tracey@song.wf",true
2473,2528,25,19.7871,"Malcolm","Benton","Wesley Henderson","joann@wolf.se",true
2474,2529,39,10.6584,"Neal","Hamrick","Audrey Hardy","nicholas@klein.hr",false
2475,2530,7,12.4492,"Heather","Sawyer","Terry Kay","dianne@dolan.fo",false
2476,2531,24,16.7168,"Jose","Lin","Sherri Lawrence","suzanne@weiner.ba",false
2477,2532,40,18.8809,"Erin","Cain","Lucille Solomon","george@harper.sl",true
2478,2533,42,18.4046,"Bradley","Cooper","Nicole Bender","jane@clapp.lk",true
2479,2534,19,17.4214,"Kristen","Bowling","Thelma Hardy","wesley@chambers.eh",true
2480,2535,25,17.9005,"Geraldine","Link","Florence Conway","kathleen@francis.ki",true
2481,2536,28,10.4383,"Judith","Kaplan","Marc Heath","gretchen@vaughn.ai",true
2482,2537,21,12.4657,"Jeanette","Waller","Neal McKenzie","scott@hayes.kp",false
2483,2538,9,18.8479,"Hannah","Schwartz","Teresa Scarborough","lynne@teague.km",true
2484,2539,36,14.0503,"Wesley","Finch","Ethel Waller","evan@cobb.es",false
2485,2540,10,19.6666,"Harold","Fox","Stephen Barrett","jose@levine.mw",true
2486,2541,5,19.7804,"Bob","Dickerson","Calvin Proctor","miriam@knowles.ao",false
2487,2542,8,14.8603,"Clifford","Hanna","Samantha Schwartz","sherri@kang.kz",true
2488,2543,31,19.3257,"Bradley","Blanchard","William Glover","robert@moser.tk",true
2489,2544,40,18.0044,"Jessica","Garrett","Beth Whitaker","jenny@burnette.ru",false
2490,2545,45,19.8874,"Chris","Chan","George Benson","renee@hardison.mf",true
2491,2546,31,14.3486,"Aaron","Ritchie","Luis Blum","hazel@pridgen.fj",false
2492,2547,24,11.6225,"Doris","Henderson","Stacy Gross","natalie@proctor.tg",false
2493,2548,46,15.0189,"Dianne","McKenzie","Lucy Branch","veronica@zhang.se",false
2494,2549,7,13.2887,"Sharon","Dickinson","Bradley Lawrence","colleen@owens.yt",false
2495,2550,18,19.2616,"Jennifer","Marsh","Claire Jennings","herbert@holland.dk",false
2496,2551,47,19.107,"Franklin","Harmon","Christopher Barber","mark@scott.ss",true
2497,2552,15,10.3827,"Sean","May","Stacey Rosenthal","megan@puckett.mu",true
2498,2553,39,13.5485,"Lois","May","Dorothy Rowland","tamara@zhang.bd",true
2499,2554,4,19.8007,"Wallace","Bray","Wanda Stevenson","alfred@mcfarland.in",false
2500,2555,7,19.1962,"Carrie","Stanley","Karen Holloway","kim@walters.pl",false
2501,2556,45,10.7856,"Stephanie","Shapiro","Geraldine Moser","bob@walter.nr",true
2502,2557,22,15.7154,"Hazel","Harrell","Jay Fisher","marsha@pierce.ck",false
2503,2558,3,11.7343,"Sandra","Capps","Jordan Beck","wesley@burgess.cu",true
2504,2559,41,19.4802,"Stacy","Zhang","Tommy Rowland","natalie@pope.br",false
2505,2560,33,17.7052,"Claire","Boyette","Don Stanton","hannah@aldridge.sk",true
2506,2561,14,10.7727,"Heidi","Hayes","Joseph Dawson","kathy@cash.tv",false
2507,2562,2,11.3011,"Bernard","Woods","Nicole Aldridge","annie@parks.cn",true
2508,2563,36,12.3732,"Vickie","Poole","Claire Morris","eric@gilbert.ls",true
2509,2564,32,14.95,"Luis","Lang","Adam Bradshaw","gina@clapp.sh",false
2510,2565,12,15.182,"Troy","Lamb","Sandy Dunn","virginia@martin.pl",true
2511,2566,24,14.6852,"Leslie","Spencer","Jack Knowles","maria@fisher.rs",true
2512,2567,39,16.0169,"Robyn","Glass","Tim Mills","bruce@wallace.mt",false
2513,2568,14,13.3521,"Sherri","Bradley","Megan Rice","erica@olson.ky",true
2514,2569,18,16.2022,"Claire","Greenberg","Tommy King","bruce@hayes.kr",true
2515,2570,5,15.5995,"Christy","Anthony","Walter Creech","ronnie@kaplan.pt",true
2516,2571,8,16.5234,"Tommy","Bruce","Rhonda McKenzie","lewis@quinn.ck",false
2517,2572,1,18.4216,"Jose","Wall","Ross Phillips","kenneth@gray.sm",true
2518,2573,4,17.5665,"Ben","French","Virginia Goldman","charlotte@copeland.tw",false
2519,2574,42,13.5635,"Leon","Chang","Jessica Barber","joshua@walters.af",true
2520,2575,10,15.4743,"Lewis","Wolfe","Jill Hicks","eva@pappas.bd",true
2521,2576,11,16.4378,"Meredith","Conrad","Faye Dodson","charlene@james.sc",true
2522,2577,39,17.4366,"Nina","Rose","Lauren Buckley","alfred@woods.edu",true
2523,2578,28,16.234,"Kenneth","Scott","Lester Dickerson","grace@black.pe",false
2524,2579,8,19.5178,"Kristen","Summers","Leo Olsen","alvin@solomon.ws",false
2525,2580,9,15.5328,"Neal","Gill","Tony Lindsay","vicki@parsons.bm",false
2526,2581,29,19.0788,"Brooke","Hawkins","Rick Hayes","ian@olsen.lr",true
2527,2582,28,19.9287,"Brenda","Starr","Brett Coley","tracy@underwood.jo",true
2528,2583,24,10.4223,"Katharine","Sullivan","Marshall Beatty","evelyn@park.za",false
2529,2584,29,12.1733,"Sara","Clarke","Sarah Vick","evelyn@brandt.io",false
2530,2585,0,10.1479,"Glenda","Pritchard","Peggy Rich","zachary@chen.lc",true
2531,2586,5,11.746,"Geraldine","Leach","Ronnie Pridgen","herbert@o.ws",false
2532,2587,0,19.5657,"Stephen","Bowling","Ross Wilkerson","kim@eaton.gb",false
2533,2588,16,12.5801,"Grace","Watts","Billy Bowers","tina@barefoot.za",true
2534,2589,5,17.1942,"Nina","Puckett","Lisa Jordan","miriam@spivey.ve",true
2535,2590,33,16.942,"Helen","Sherrill","Greg Carey","shawn@barbour.gw",false
2536,2591,10,10.8096,"Greg","Petersen","Geraldine Willis","bob@moon.fj",true
2537,2592,0,19.5171,"Holly","Kelly","Sidney Rosenthal","jean@brantley.im",true
2538,2593,28,15.2856,"Kathleen","Riley","Helen Vaughn","kyle@anthony.se",true
2539,2594,11,14.2295,"Stephanie","Marsh","Michelle Cochran","randall@walton.so",false
2540,2595,13,14.7559,"Jimmy","Daniels","Gene Burch","erin@gibson.mw",true
2541,2596,12,12.2166,"Veronica","Davenport","Joan Casey","monica@nichols.gh",false
2542,2597,29,17.7112,"Hannah","Jordan","Lucille Haynes","andrew@freeman.vi",true
2543,2598,47,14.0327,"George","Pate","Connie Chandler","jessica@curry.mm",false
2544,2599,0,18.6782,"Tara","Burnette","Joanna McKenna","connie@hutchinson.zm",false
2545,2600,38,14.917,"Vivian","Humphrey","Aaron Baker","katherine@lucas.bv",false
2546,2601,7,14.8356,"Patrick","Pollard","Alison Hoover","franklin@hewitt.at",false
2547,2602,32,13.6299,"Barry","Aycock","Annie Jones","lynne@ballard.us",true
2548,2603,49,10.0296,"Nicholas","Jernigan","Julia Weinstein","becky@knight.jm",false
2549,2604,44,10.0911,"Melanie","Montgomery","Christina Wagner","hannah@hodge.bz",true
2550,2605,3,19.6199,"Johnny","Brock","Lori Henry","pauline@welch.kh",true
2551,2606,28,16.8394,"Darlene","Herbert","Faye Parks","marc@morgan.vu",false
2552,2607,7,14.4519,"Faye","McMahon","Barbara Sutton","benjamin@lancaster.lu",false
2553,2608,15,14.1905,"Geoffrey","Crawford","Warren Yang","louise@durham.fo",false
2554,2609,37,12.8809,"Emma","Bailey","Jack Jennings","sandy@mayo.ws",false
2555,2610,44,10.4979,"Marguerite","Beck","Jack O","hilda@finch.va",false
2556,2611,0,19.6569,"Claude","Cochran","Louis Stanton","anne@horn.ye",false
2557,2612,45,15.6923,"Carole","Starr","Glen Reid","ann@marsh.by",true
2558,2613,43,11.5419,"Tamara","Burch","Allen Ballard","wesley@baldwin.ug",false
2559,2614,7,14.2884,"Kathy","Levin","Ken Sherrill","bradley@mcconnell.mw",true
2560,2615,35,19.9748,"Gretchen","Parsons","Audrey Lehman","chris@stephenson.pa",false
2561,2616,22,19.2584,"Sheryl","Barber","Geoffrey Weber","jeanne@hubbard.bg",false
2562,2617,45,11.8639,"Claire","Bender","Ross Fisher","ralph@robertson.net",true
2563,2618,43,12.3162,"Dana","Wilkerson","Betty Reed","jean@hamrick.ci",true
2564,2619,24,16.2629,"Frances","Tilley","Randall Sutherland","tim@fischer.org",true
2565,2620,39,14.0845,"Walter","Honeycutt","Pauline Jennings","glen@hull.gl",false
2566,2621,30,17.66,"Christopher","Lassiter","Wesley Kay","ruth@braun.hr",true
2567,2622,13,11.4174,"Lucy","Richmond","Keith Clements","betty@mcfarland.bb",true
2568,2623,31,15.6358,"Sharon","Padgett","Jennifer Hess","charlene@sinclair.it",true
2569,2624,7,10.7046,"Janet","Li","Bob Creech","joanna@barry.vi",false
2570,2625,14,14.1277,"Robyn","Franklin","Sharon Knight","willie@sanchez.dm",false
2571,2626,14,15.91,"Carrie","Davidson","Lucille Siegel","christina@shelton.pn",false
2572,2627,9,10.9478,"Barbara","McConnell","Bonnie Lutz","lee@ballard.mw",true
2573,2628,12,15.0001,"Jerome","Barton","Peter Lam","karen@hirsch.aw",true
2574,2629,43,17.5556,"Brenda","Hester","George Cannon","warren@bowling.eh",true
2575,2630,10,14.4376,"Samantha","Sellers","Martin Dougherty","kelly@hutchinson.re",true
2576,2631,10,12.6764,"Wallace","Chappell","Don Lang","frances@olson.pn",false
2577,2632,47,17.1513,"Brenda","Field","Joann Ellis","benjamin@burnett.wf",true
2578,2633,36,19.8582,"Sheryl","Mangum","Karen Bolton","bradley@clements.ls",true
2579,2634,31,16.8668,"Lucille","Sharpe","Kurt Wagner","nancy@fischer.vc",false
2580,2635,48,12.3731,"Allen","Pugh","Rhonda Grimes","kent@barton.bj",false
2581,2636,21,16.0967,"Mike","Brantley","Glen Steele","james@mullen.md",false
2582,2637,35,14.9067,"Geoffrey","Garrett","Regina Garrett","clyde@strickland.cl",false
2583,2638,33,14.4312,"Calvin","Hill","Jessica Farmer","jose@green.ir",true
2584,2639,44,16.836,"Karen","Arnold","Nina Livingston","arnold@hobbs.gg",false
2585,2640,34,15.4471,"Geoffrey","Daniel","Benjamin Rollins","stacey@strickland.bl",false
2586,2641,20,11.1948,"Janice","Frederick","Dan Ferrell","tommy@underwood.cz",false
2587,2642,12,14.872,"Kate","Barton","Barbara Glover","rita@hester.ke",true
2588,2643,21,19.6774,"Sherri","Bowling","Randy Li","jessica@anthony.hr",false
2589,2644,7,14.1165,"Melanie","Diaz","Floyd Sherrill","nicholas@houston.im",false
2590,2645,19,16.7258,"Claire","Beatty","Jose Lamb","judith@knight.mr",false
2591,2646,39,10.1642,"Raymond","Chung","Shirley McIntyre","karen@gordon.gg",true
2592,2647,27,11.5053,"Glenn","Bunn","Marvin Byrne","jeanne@wolfe.bg",true
2593,2648,13,12.9193,"Patsy","Love","Jerome Cooke","douglas@wu.kr",false
2594,2649,3,12.9966,"Kathleen","House","Guy Gray","eugene@arnold.cu",false
2595,2650,5,15.5441,"Jenny","McConnell","Lester Baker","alex@creech.ma",true
2596,2651,38,18.49,"Chris","Riley","Stephanie Keller","alex@siegel.pt",false
2597,2652,47,10.4445,"Jerome","Lucas","Lynne McCall","allison@schwartz.bh",true
2598,2653,49,11.8973,"Vincent","Melton","Theodore Chung","gail@cook.uz",true
2599,2654,22,15.4444,"Mike","Barton","Lucy Rosenthal","shannon@mclean.in",false
2600,2655,27,11.9156,"Meredith","Whitaker","Megan Singh","sarah@smith.net",true
2601,2656,12,19.0871,"Harvey","Bender","Gilbert Dougherty","bernard@keller.se",true
2602,2657,28,14.4787,"Janet","Lucas","Erin Shapiro","margaret@chase.kg",false
2603,2658,38,18.5233,"Lorraine","Reed","Eddie Gray","lucy@mack.dj",true
2604,2659,27,17.2356,"Joyce","Garrett","Shawn McKenzie","paige@bowling.pe",false
2605,2660,40,12.3633,"Edna","Harrell","Willie Coleman","frances@vincent.mz",true
2606,2661,30,18.2207,"Diana","Conway","Gretchen Franklin","patrick@solomon.dz",true
2607,2662,2,11.7655,"Elsie","McCall","Audrey Nash","erika@francis.ba",false
2608,2663,16,12.6033,"Guy","Coble","Jacob Lowry","peggy@dickerson.mr",false
2609,2664,30,10.9456,"Alex","Parks","Calvin Pickett","cathy@olson.tr",false
2610,2665,8,16.4664,"Nina","Desai","Megan Capps","vincent@burch.uy",false
2611,2666,19,19.8692,"Jason","Willis","Eleanor Stevenson","kathleen@kearney.sm",false
2612,2667,25,18.0689,"Martha","Fox","Ashley Ball","chris@west.kn",true
2613,2668,22,11.6788,"Ashley","Bowers","Courtney Sutherland","allison@bender.pk",true
2614,2669,7,14.5801,"Vincent","Riley","Wesley Jennings","jordan@bowling.pg",true
2615,2670,35,13.2368,"Melinda","McCarthy","Albert Hughes","louise@holloway.cc",false
2616,2671,43,14.9482,"Mike","Moon","Kyle Payne","roy@dillon.tr",false
2617,2672,5,15.2671,"Kerry","Nash","Claude Cherry","rose@mcnamara.sd",false
2618,2673,33,10.5152,"Greg","Eason","Peter Olson","clyde@rodgers.mv",true
2619,2674,3,14.214,"Kyle","Shapiro","Mary Boswell","cheryl@middleton.lt",true
2620,2675,11,18.2617,"Debra","Barbour","Leah Roach","lorraine@hoyle.gl",false
2621,2676,12,17.793,"Miriam","Gross","James Simmons","dana@reilly.eh",false
2622,2677,23,18.6271,"Nina","Harvey","Joan Graham","erin@chandler.ve",true
2623,2678,37,18.925,"Brooke","Pate","Maureen York","malcolm@scarborough.sh",true
2624,2679,39,14.5396,"Gene","McClure","Kelly Whitehead","franklin@washington.dk",false
2625,2680,22,14.951,"Veronica","Hu","Keith Foster","franklin@ritchie.ci",true
2626,2681,4,15.531,"Chris","Lang","Audrey Copeland","annie@francis.sb",true
2627,2682,16,13.6384,"Lois","Fitzpatrick","Judy Harvey","paula@case.uz",true
2628,2683,28,18.8559,"Brenda","Harrell","Lynda Richards","kathy@kelley.nz",true
2629,2684,32,15.1935,"Bob","Byrd","Louis Robinson","jack@gordon.zm",true
2630,2685,7,12.3618,"Norman","Cowan","Clara Holmes","lester@mcintyre.cv",true
2631,2686,0,14.4304,"Ronald","Curtis","Connie Adcock","neil@schroeder.cy",false
2632,2687,33,11.0623,"Kay","O","Kyle Watkins","tom@vick.sj",true
2633,2688,5,10.1167,"Tammy","Underwood","Eddie Stevens","kathy@matthews.mz",false
2634,2689,21,12.7931,"Joanne","Bunn","Sandra Li","chris@barry.id",true
2635,2690,38,16.7522,"Marion","Padgett","Kathy Houston","sharon@waters.bd",false
2636,2691,25,18.4457,"Maxine","Pugh","Lorraine Fisher","margaret@jennings.gd",true
2637,2692,43,14.8956,"Alfred","Sullivan","Sandra Sutton","christy@denton.tn",true
2638,2693,24,11.9028,"Ricky","McLean","Dorothy Blackwell","barry@horne.cz",true
2639,2694,27,14.9172,"Sarah","Green","Danny Manning","sue@graves.mx",false
2640,2695,16,17.5031,"Sandy","McConnell","Luis Jenkins","nelson@stephenson.nz",false
2641,2696,10,12.0254,"Hannah","Hanson","Bernice Barry","christina@montgomery.pr",true
2642,2697,5,14.6144,"Eddie","Smith","Larry Gross","kyle@hicks.gq",true
2643,2698,1,18.1941,"Alison","Vincent","Darlene Mueller","frederick@willis.fk",false
2644,2699,48,15.1565,"Leon","Waters","Donna French","hazel@melton.sr",true
2645,2700,30,15.79,"Larry","Hensley","Jim Warren","angela@middleton.tk",true
2646,2701,27,19.4873,"Jimmy","Pickett","Sue Carey","heidi@eason.ws",true
2647,2702,44,15.0262,"Kristin","Schroeder","Audrey Gold","george@stark.li",false
2648,2703,39,18.2978,"Theodore","Cook","Beth Solomon","scott@chappell.cl",true
2649,2704,10,14.7646,"Ronald","Harmon","Clyde Love","tracey@mcconnell.at",true
2650,2705,23,19.8893,"Anna","Wang","Malcolm Monroe","louis@norman.gb",true
2651,2706,33,19.0139,"Martin","Whitehead","Caroline Wallace","dwight@dickerson.aq",false
2652,2707,25,18.2822,"Carrie","Duke","Jenny Conrad","claire@goldman.id",true
2653,2708,19,12.6435,"Julie","Kennedy","Joy Scarborough","william@goldman.qa",false
2654,2709,28,17.9633,"Kristen","Capps","Paige Goldberg","dean@richardson.ga",false
2655,2710,31,19.5215,"Tamara","Franklin","Sherry Lloyd","george@butler.dm",true
2656,2711,32,13.1253,"Christina","Brennan","Paula Sanchez","arlene@conrad.jo",false
2657,2712,4,10.697,"Priscilla","Li","Heidi Dickinson","kay@stout.mq",false
2658,2713,6,12.7914,"Emily","Griffin","Frances Thomas","beth@hardin.ba",false
2659,2714,21,12.2722,"Vicki","Willis","Tony Barton","evelyn@house.dj",true
2660,2715,13,13.2847,"Roger","Beasley","Bobby Aycock","wesley@chu.pl",false
2661,2716,9,12.9674,"Wesley","Smith","Frances Godfrey","jessica@dickson.gov",false
2662,2717,37,13.8445,"Jerome","Hoyle","Wendy Burgess","wade@walter.tw",false
2663,2718,19,19.647,"Patricia","Reid","Lynda Welch","natalie@harrell.pw",true
2664,2719,17,13.6704,"Edgar","Sullivan","Lucy Moser","billy@lamb.my",false
2665,2720,13,17.6217,"Joseph","Olsen","Marlene Wolf","nicholas@barber.mu",false
2666,2721,16,10.2916,"George","Kinney","Beth Dunlap","eva@palmer.mu",false
2667,2722,38,10.5603,"Claire","Hughes","Danny Rowe","donna@reid.uy",true
2668,2723,25,14.9537,"Tracy","Mayo","Hazel Coleman","melinda@farrell.td",true
2669,2724,7,19.2873,"Sandra","Hunt","Brett Bunn","katherine@hanna.gu",true
2670,2725,18,18.8254,"Heather","Hester","Mary Barbour","peggy@creech.gb",true
2671,2726,0,15.3648,"Timothy","Stone","Jacob Solomon","shannon@king.mp",true
2672,2727,13,12.1912,"Jack","O","Jerome Hobbs","robert@bowman.ch",false
2673,2728,22,19.0853,"Dan","Goldberg","Glenda Blalock","claire@hess.lr",false
2674,2729,7,10.429,"Jennifer","Glover","Paige Payne","kim@duke.sl",true
2675,2730,18,12.4343,"Sara","McKenna","Charles Honeycutt","jason@cooke.gr",false
2676,2731,22,18.4809,"Katherine","Hale","Tammy Russell","sharon@mclean.dz",false
2677,2732,38,16.8881,"Melinda","Park","Glen Craven","bonnie@hanna.mv",true
2678,2733,29,10.6416,"Allen","Hines","Kathy Lucas","charlotte@welch.vc",false
2679,2734,33,16.3738,"Maurice","Coley","Vicki Sullivan","julian@simmons.lk",false
2680,2735,13,17.9819,"Ricky","Weiner","Angela Brady","kim@waller.ls",false
2681,2736,13,16.5405,"Brenda","Brady","Charlotte Starr","nicholas@harrington.gov",true
2682,2737,0,12.1221,"Evelyn","Clements","Elsie Glover","allison@lindsay.pg",false
2683,2738,44,10.1787,"Amanda","Garcia","Calvin High","vanessa@snow.za",true
2684,2739,7,10.3103,"Kimberly","Barton","Lee Nelson","thelma@cooke.ms",true
2685,2740,35,11.3506,"Kathleen","Johnson","Maria Scarborough","nina@weiner.mv",true
2686,2741,2,17.6529,"Amanda","Kaplan","Sandy Puckett","beth@chase.nl",true
2687,2742,1,12.5981,"Lester","Carver","Derek Burke","lucy@hubbard.nz",false
2688,2743,16,14.1025,"Mary","Lindsay","Chris Boswell","edgar@huffman.gy",false
2689,2744,14,15.956,"Johnny","Fischer","Geraldine Moser","elsie@spivey.tz",false
2690,2745,45,14.1624,"Heidi","Padgett","Paige Smith","sidney@smith.ml",true
2691,2746,14,10.0552,"Clifford","Schultz","Jordan Siegel","virginia@lindsay.er",false
2692,2747,39,18.854,"Vernon","Owens","Melinda Weiner","lester@skinner.tz",false
2693,2748,22,11.5509,"Henry","Branch","Kathy Scarborough","brent@casey.bt",false
2694,2749,30,10.8117,"Curtis","Melton","Kay Weeks","marc@bowers.pe",false
2695,2750,28,11.7364,"Vanessa","Stone","Justin Huffman","dana@bolton.ve",false
2696,2751,10,14.9526,"Kristen","Hobbs","Clifford Hoyle","bradley@glover.kh",false
2697,2752,36,14.9952,"Vincent","Berman","Herbert Mack","randall@chase.bf",false
2698,2753,40,13.8446,"Janet","Welch","Tara Norman","elaine@lyons.mg",true
2699,2754,33,10.7209,"Victor","Vaughan","Jessica Hamrick","vicki@holmes.eg",false
2700,2755,44,17.922,"Sue","Goldman","Ethel Henry","chris@lowe.gh",true
2701,2756,31,12.125,"Katie","Puckett","Gary Britt","penny@holden.sn",false
2702,2757,38,10.691,"Roger","Holland","Miriam Clarke","florence@lamb.sk",false
2703,2758,42,16.0775,"Patrick","Eason","Ellen McAllister","stacy@cross.gd",false
2704,2759,22,15.1976,"Nancy","Chandler","Lester Woodward","sidney@callahan.sx",false
2705,2760,32,16.4029,"Eleanor","Capps","Cynthia Weiner","lewis@hu.am",false
2706,2761,40,18.7501,"Jerry","Norman","Raymond Chase","allison@fisher.hn",true
2707,2762,47,15.9624,"Peter","Heath","Jane Welch","dean@brantley.ie",false
2708,2763,11,10.0243,"Brooke","Lloyd","Elsie Crane","don@shaffer.bw",false
2709,2764,5,17.3093,"Evelyn","Sykes","Jack Pickett","helen@tilley.cr",false
2710,2765,26,11.9277,"Katherine","Olson","Stephen Barry","joan@chambers.jo",true
2711,2766,25,17.4827,"Bernard","Conway","Vivian Dawson","neal@may.tt",true
2712,2767,29,15.2437,"Ashley","Berg","Audrey Alston","rodney@lane.zm",false
2713,2768,32,17.7714,"Anna","Roach","Christy Norman","marshall@huff.ar",false
2714,2769,41,19.3099,"Bob","Lang","Lester Horn","chris@harrell.ae",false
2715,2770,16,12.1914,"Lynne","Burgess","Jason O","lucy@wilkerson.cf",true
2716,2771,2,18.8112,"Luis","Walton","Vicki Walter","priscilla@wong.pl",true
2717,2772,20,19.5239,"Hilda","Copeland","Guy Galloway","lee@hardy.com",true
2718,2773,4,10.5081,"Lillian","Friedman","Barry Scarborough","connie@eason.gn",false
2719,2774,44,12.4907,"Calvin","Casey","Erin Franklin","katherine@russell.az",false
2720,2775,6,15.6217,"Michelle","Carver","Carrie Finch","connie@lindsay.hr",false
2721,2776,26,17.3333,"Jack","Woods","Karen Craig","teresa@wiley.at",false
2722,2777,18,12.2391,"Sue","Moss","Jose Clements","jan@jones.ly",true
2723,2778,19,10.3747,"Vicki","Grant","Holly Marks","tonya@chang.bd",false
2724,2779,47,18.1379,"Christopher","Stuart","Sherri Horne","rita@christensen.bd",true
2725,2780,36,11.8909,"Oscar","Richmond","Allison Hartman","stanley@tyson.yt",false
2726,2781,2,10.2399,"Brian","Harris","Calvin Chase","jose@gunter.sm",false
2727,2782,49,10.0085,"Rodney","McPherson","Maureen Goldman","alicia@horowitz.de",false
2728,2783,40,17.974,"Harold","Foster","Tamara O","dorothy@cooke.sx",false
2729,2784,28,17.1521,"Eugene","McKay","Jean Chen","melanie@pierce.ga",false
2730,2785,1,14.4218,"Johnny","Dickerson","Gina Lanier","carl@matthews.sg",true
2731,2786,28,11.1607,"Karen","Barefoot","Danielle Mack","allan@mcmillan.pf",false
2732,2787,25,16.7499,"Alfred","Paul","Jordan Parrott","maxine@hutchinson.vu",false
2733,2788,12,13.4528,"Wesley","Pate","Megan Anthony","claire@jennings.edu",false
2734,2789,25,18.6353,"Alvin","Harris","Florence Carroll","chris@harrell.gd",true
2735,2790,7,12.3168,"Tammy","Newton","Brian Chang","leo@sharpe.bt",false
2736,2791,16,14.2299,"Jeff","Gould","Holly Mann","wendy@king.wf",false
2737,2792,7,10.1992,"Tracy","Woods","Steve Zhang","warren@lancaster.ga",true
2738,2793,35,10.0973,"Toni","Braun","Joseph Burgess","allison@hicks.aw",false
2739,2794,1,17.2176,"Harriet","Grant","Melinda Norman","rick@o.yt",false
2740,2795,20,15.0428,"Gary","Stanley","Stephanie Berman","richard@preston.ne",false
2741,2796,24,13.9309,"Dorothy","Lang","Laura Paul","harold@mcdonald.ge",true
2742,2797,16,19.704,"William","Horowitz","Phyllis Mayo","brenda@nixon.mw",false
2743,2798,19,15.4309,"Deborah","Lehman","Stacy Glover","joann@barefoot.id",true
2744,2799,19,18.4156,"Herbert","Graves","Helen Abbott","marc@branch.gf",false
2745,2800,45,11.7523,"Sarah","Hall","Miriam Daniel","jordan@riley.kn",false
2746,2801,49,16.3896,"Johnny","Case","Natalie Kelly","clyde@sherrill.fr",true
2747,2802,43,19.3603,"Sarah","Hester","Peggy Bowling","jimmy@davidson.tl (changed from tp)",true
2748,2803,9,10.3833,"Tommy","Fletcher","Frances Wall","edgar@stone.tj",true
2749,2804,49,13.9583,"Megan","Copeland","Malcolm Farmer","kristen@middleton.lu",false
2750,2805,25,18.497,"Edgar","Siegel","Kyle Harvey","scott@byrne.ci",true
2751,2806,14,16.7655,"Kimberly","Haynes","Luis Lyons","carrie@melton.sr",false
2752,2807,22,13.2626,"Kara","Barbour","Maria Baker","florence@pickett.ch",true
2753,2808,4,12.2947,"Catherine","Kang","Maureen Nash","stephanie@henderson.sb",false
2754,2809,31,13.601,"Phyllis","Field","Kimberly Pierce","tracy@stanley.tl (changed from tp)",true
2755,2810,43,15.5289,"William","Lloyd","Herbert Gould","darlene@wagner.sr",true
2756,2811,41,18.7185,"Jacob","Chase","Sharon Walters","bradley@bowles.hu",false
2757,2812,36,14.6751,"Leo","Stuart","Wesley Cooke","annie@casey.aw",true
2758,2813,19,11.4053,"Vernon","Fox","Wayne Lucas","marilyn@bowles.it",true
2759,2814,21,16.5292,"Kristin","Hall","Clyde Lehman","george@palmer.tt",false
2760,2815,33,13.8331,"Leo","Hardison","Claire Skinner","stephanie@moss.cl",true
2761,2816,27,14.099,"Tommy","May","Christina Hirsch","willie@cates.li",false
2762,2817,32,19.2764,"Calvin","Parks","Elaine Sinclair","peggy@vincent.as",false
2763,2818,9,10.2084,"Chris","Fisher","Louis Sawyer","rhonda@harvey.cg",true
2764,2819,33,18.0628,"Patsy","Ellington","Karl Diaz","lynne@bender.pr",false
2765,2820,26,18.0067,"Kimberly","Lam","Patricia Shaffer","matthew@bowers.bh",false
2766,2821,37,17.0418,"Emily","Horn","Crystal O","tamara@bowling.gb",true
2767,2822,44,15.9366,"Theodore","McGuire","Renee Underwood","tracy@creech.bm",true
2768,2823,45,12.2144,"Joanne","Lanier","Rita Lin","julie@norman.hm",false
2769,2824,24,13.9366,"Lois","Heath","Vickie Gunter","gene@link.tk",true
2770,2825,13,14.3931,"Jacob","Stone","Janet Lindsay","oscar@chung.bw",false
2771,2826,11,18.9307,"Nelson","Abrams","Joanna Rosenthal","joann@waters.aw",true
2772,2827,7,10.7909,"Joanne","Bowling","Marsha Abrams","leo@lindsay.sa",false
2773,2828,47,17.5401,"Bob","Eaton","Stephen Hewitt","lloyd@fletcher.iq",true
2774,2829,32,18.2184,"Gladys","Stuart","Cecil Coates","dana@kelley.sc",true
2775,2830,23,10.2354,"Wesley","Phillips","Roy Schwartz","franklin@nixon.cl",false
2776,2831,3,17.9017,"Laurence","Beasley","Scott Lassiter","julia@lindsay.na",true
2777,2832,8,13.0796,"Harriet","Garcia","Kevin Pollard","maureen@stephens.gr",false
2778,2833,6,17.6757,"Alan","McFarland","Allen Nguyen","kelly@bender.gg",true
2779,2834,14,15.5643,"Florence","Locklear","Richard Shaffer","katharine@dalton.hu",true
2780,2835,14,14.4408,"Chris","Sumner","Neal Lucas","roy@kaplan.vn",false
2781,2836,20,19.8569,"Judith","Chandler","Jerome Boswell","betsy@riley.gh",true
2782,2837,12,16.4035,"Allan","Langley","Darlene Honeycutt","christine@pridgen.fm",true
2783,2838,38,19.5117,"Claire","McCall","Kathy Freeman","brenda@weiss.um",true
2784,2839,18,16.5779,"Clyde","Barr","Anita Bolton","donna@barton.gs",false
2785,2840,16,16.6698,"Ronnie","Harmon","Wesley Sawyer","julie@lindsay.fk",true
2786,2841,11,16.4998,"Caroline","Puckett","Judith Rollins","elsie@bender.ga",false
2787,2842,3,11.446,"Elisabeth","Langley","Ashley Pritchard","steven@dunn.td",false
2788,2843,19,13.8649,"Gayle","Hardison","Kim Reilly","nancy@lin.ky",false
2789,2844,23,18.8853,"Lucille","Lane","Franklin Robertson","judy@conway.sc",true
2790,2845,48,19.8743,"Brent","Glover","Marian Chase","brett@richards.ck",false
2791,2846,3,10.6128,"Don","Baker","Geraldine Hester","bonnie@johnson.ss",true
2792,2847,42,15.5621,"Dawn","Gordon","Becky Humphrey","audrey@dunn.bv",false
2793,2848,13,18.2357,"Tonya","Benson","Julia Benson","courtney@mack.ae",false
2794,2849,30,11.1762,"Jose","Shapiro","Patsy Barber","diana@cox.gt",true
2795,2850,28,11.1859,"Danny","Montgomery","Ann Davenport","sandra@fischer.py",false
2796,2851,28,12.0806,"Andrew","Foster","Leroy Bowers","gina@riley.me",true
2797,2852,41,12.6414,"Sidney","Mack","Annie Cooke","frederick@odom.sg",true
2798,2853,45,15.1005,"Gary","Griffin","Barry Baldwin","kelly@horn.ms",false
2799,2854,11,17.9295,"Adam","Nixon","Philip Warner","roger@berg.gi",false
2800,2855,27,18.1677,"Renee","Brennan","Roy Banks","harold@sumner.do",true
2801,2856,35,13.0675,"Marian","Justice","Carrie Barton","jessica@warner.sk",false
2802,2857,33,17.6843,"Beth","Mitchell","Harvey Nichols","miriam@ross.eg",true
2803,2858,20,11.9694,"Rhonda","Hester","Brooke Lindsay","denise@robinson.kr",false
2804,2859,36,18.0124,"Dean","Baldwin","Louise Godfrey","russell@jenkins.gm",true
2805,2860,17,10.8327,"Vanessa","Yates","Bradley Gross","beth@monroe.rw",true
2806,2861,32,17.013,"Beth","Hewitt","Wanda Schroeder","rachel@waters.gi",true
2807,2862,31,18.6892,"Gary","Rosenberg","Sheryl Washington","claire@burgess.fo",true
2808,2863,12,19.8796,"Molly","Norton","Roberta Hendrix","willie@mcpherson.tz",false
2809,2864,35,11.8247,"Robert","Hayes","Lynne Li","gordon@copeland.bh",true
2810,2865,17,19.4742,"Ethel","Lehman","Malcolm Ford","erika@woods.ls",false
2811,2866,29,17.932,"Cynthia","Bowers","Vincent Hobbs","gilbert@mckenna.gl",true
2812,2867,47,17.2354,"Neal","McIntosh","Maria Golden","cecil@coley.sr",true
2813,2868,33,10.3732,"Jeanette","McIntosh","Hazel Pate","dorothy@owens.rs",true
2814,2869,39,11.6281,"Clara","Kelley","Regina Henderson","melinda@beatty.tj",true
2815,2870,44,13.1706,"Douglas","Knight","Gail Stark","allison@peterson.so",true
2816,2871,44,15.761,"Elaine","James","Wesley Rowland","dwight@gibson.mw",true
2817,2872,40,15.4984,"Glen","Singh","Oscar Harmon","allison@mccall.bd",false
2818,2873,41,15.59,"Patricia","Fox","Judith Golden","norman@floyd.ki",false
2819,2874,41,18.1919,"Heidi","Oakley","Gary Fernandez","bonnie@joseph.jm",false
2820,2875,27,19.5785,"Tamara","Raynor","Ashley O","harry@horne.ie",false
2821,2876,8,18.5109,"Kristine","Bray","Kyle Kay","kelly@horne.by",true
2822,2877,21,18.7712,"Renee","Harrell","Jacob Burgess","ethel@henry.ve",true
2823,2878,5,15.7239,"Melanie","Moser","Julie Dodson","tonya@bolton.fm",true
2824,2879,39,13.1228,"Jesse","Brantley","Jane Crane","carolyn@brock.tv",true
2825,2880,12,14.7902,"Mark","Bowling","Jan Johnston","patrick@kirby.jp",false
2826,2881,7,14.2084,"Marguerite","Garrett","Megan Watson","marshall@hill.ci",true
2827,2882,28,18.0584,"Sandra","Stephens","Florence Garrett","vincent@baker.il",true
2828,2883,11,15.3774,"Jessica","Li","Katharine Douglas","ashley@morse.mz",true
2829,2884,14,17.3962,"Willie","Whitley","Leroy Rubin","cathy@hirsch.sm",false
2830,2885,14,19.6349,"Kyle","Thomas","Laurence Heath","sidney@bowling.lr",false
2831,2886,7,17.9635,"Joyce","Barton","Eddie Kinney","leo@allison.ml",true
2832,2887,12,14.8796,"Catherine","Vaughn","Wesley Nichols","theodore@griffin.cv",false
2833,2888,6,19.815,"Joan","Berg","Darlene Stanley","ethel@stanton.sm",true
2834,2889,18,12.391,"Marsha","Beatty","Kelly Hughes","bobby@reilly.ir",true
2835,2890,36,14.6959,"Barbara","Chan","Joseph Clements","catherine@case.sk",true
2836,2891,14,18.6549,"Ronnie","Love","Lillian McLean","bonnie@jenkins.lb",true
2837,2892,37,18.1534,"Bob","Hoyle","Ralph Hayes","vincent@moser.vn",true
2838,2893,36,18.4864,"Valerie","Sullivan","Sandy Lassiter","vanessa@neal.it",true
2839,2894,16,14.3162,"Melanie","Byrd","Ryan Townsend","monica@harper.cu",true
2840,2895,18,16.4101,"Vickie","Smith","Bob Glover","jerry@russell.kz",false
2841,2896,26,15.7378,"Chris","Chung","Joel Keller","donna@woods.za",true
2842,2897,40,13.1061,"Stephen","Underwood","Jesse Boyd","frances@tyler.za",false
2843,2898,23,17.4269,"Renee","Heath","Terry McKenzie","erin@ayers.ua",true
2844,2899,13,19.5517,"Kristen","Franklin","Beth Houston","danny@berger.ni",false
2845,2900,11,14.6612,"Erin","Abbott","Jonathan Ritchie","angela@gallagher.im",false
2846,2901,24,16.0279,"Marc","Walsh","Karen Jones","leslie@kay.as",true
2847,2902,28,14.4638,"Vivian","Drake","Joann Blair","christy@hodge.iq",false
2848,2903,43,14.7998,"Clifford","Bradshaw","Sheryl Henry","stephanie@bowden.bv",true
2849,2904,36,13.9494,"Judith","Burton","Bob Shelton","nelson@barry.sl",false
2850,2905,17,14.8966,"Donald","Perkins","Glen Glass","ronnie@harrell.pm",true
2851,2906,46,18.3623,"Ted","Dougherty","Christina Beach","ashley@scarborough.va",false
2852,2907,3,13.0272,"Dennis","Gill","Maurice Lucas","jacob@davenport.cc",false
2853,2908,0,14.8297,"Nelson","Vick","Frederick Brock","judith@jiang.gn",true
2854,2909,6,16.2453,"Rita","Bolton","Kent Powers","tammy@wang.kr",true
2855,2910,8,19.0925,"Nina","Chan","Bernard Wiggins","dana@klein.ug",false
2856,2911,37,11.9721,"Brenda","McPherson","Julian Stanley","don@schultz.fo",false
2857,2912,6,13.1546,"Patricia","Merritt","Cheryl Vaughn","gayle@capps.lk",false
2858,2913,19,19.2691,"George","Braun","Alfred Thompson","joshua@adkins.fj",true
2859,2914,30,18.8674,"Allen","Wrenn","Arnold Terrell","julian@mcintyre.ai",true
2860,2915,10,17.802,"Thelma","Kinney","Bonnie Locklear","allison@steele.pw",false
2861,2916,38,13.3527,"Dan","Jennings","Kathy Douglas","dolores@caldwell.tc",true
2862,2917,10,17.2099,"Joy","Perkins","Lynne Hardy","scott@best.km",false
2863,2918,39,18.8434,"Glen","Hicks","Heather Mayer","miriam@woods.hk",true
2864,2919,37,15.9116,"Alison","Kent","Maureen Love","edgar@burgess.gb",true
2865,2920,7,16.1761,"Hannah","Barber","Erica Sawyer","franklin@hinson.kg",true
2866,2921,18,18.0283,"Virginia","Russell","Marcus Garcia","holly@morgan.ky",true
2867,2922,17,15.042,"Shannon","Crane","Barbara Kramer","penny@morgan.ls",true
2868,2923,37,15.536,"Renee","Tilley","Patsy Starr","alan@cox.aq",true
2869,2924,45,19.3654,"Luis","Cates","Jonathan Parsons","raymond@alexander.gu",false
2870,2925,22,13.3392,"Hannah","Cobb","Ronald Stark","christina@field.uy",false
2871,2926,26,19.0618,"Danny","Townsend","Guy Sherrill","elsie@fischer.iq",true
2872,2927,13,19.5647,"Bonnie","Garcia","Kay Finch","vanessa@currin.hm",false
2873,2928,22,10.7177,"Sarah","Harvey","Marion Heller","dwight@bowman.lu",false
2874,2929,24,18.7499,"Caroline","Stanton","Alfred Harvey","marc@goldman.gm",true
2875,2930,39,17.5727,"Todd","Durham","Chris Melton","charlene@curry.np",false
2876,2931,7,19.9442,"Brian","Clapp","Ashley Lang","marion@conway.gh",false
2877,2932,23,13.9387,"Sidney","Johnson","Mary Stuart","helen@pitts.gl",false
2878,2933,14,10.3518,"Eleanor","Monroe","Ernest Moran","jenny@perkins.lc",false
2879,2934,45,12.525,"Regina","Mann","Willie Hayes","lois@o.ax",false
2880,2935,45,12.7862,"Benjamin","Underwood","Leigh Casey","sue@wu.gl",false
2881,2936,7,16.8214,"Ronald","Morgan","Barbara Hardison","gloria@currie.bm",true
2882,2937,3,16.9649,"Samantha","Ritchie","Claire Robinson","wesley@banks.ax",true
2883,2938,21,18.3035,"Hazel","Bowman","Marc Harrell","megan@woods.co",true
2884,2939,23,18.6718,"Jerome","Teague","Mike Corbett","lester@watson.gh",false
2885,2940,10,16.4683,"Maureen","Hester","Kimberly Kirk","wade@harper.lb",true
2886,2941,2,18.2931,"Peggy","Keller","Doris Goldberg","gloria@harris.dj",true
2887,2942,9,15.4652,"Geraldine","Matthews","Jim Currie","jacob@field.pk",true
2888,2943,16,15.6077,"Jan","Connor","Meredith Hall","herbert@poole.ua",true
2889,2944,1,15.2728,"Bruce","Saunders","Betty Nance","marc@fitzpatrick.zm",true
2890,2945,0,18.8717,"Vicki","Alexander","Wesley Aycock","katie@hoover.mil",true
2891,2946,19,19.744,"Florence","Dawson","Karen Benson","margaret@lucas.dm",false
2892,2947,19,14.8705,"Harriet","Wallace","Florence Bowling","beth@scott.nr",true
2893,2948,43,14.8159,"Wallace","Cox","Joel Underwood","christina@hayes.bl",false
2894,2949,36,17.1069,"Gayle","Chambers","Gretchen Duke","aaron@powers.tr",true
2895,2950,17,12.7066,"Alexander","Houston","Judy Copeland","wayne@pate.tz",false
2896,2951,49,12.8666,"Molly","Wolf","Neil Parrott","roberta@cross.nr",true
2897,2952,33,17.3371,"Ethel","Solomon","Eugene Banks","edgar@bender.fo",true
2898,2953,44,12.5514,"Cynthia","Heath","Annie Durham","jeanne@jones.uz",true
2899,2954,34,10.6311,"Lloyd","Beatty","Wayne Dickson","martin@proctor.vu",true
2900,2955,40,14.4601,"Alan","Clements","Mary Sullivan","leigh@marsh.vu",false
2901,2956,34,15.6038,"Kimberly","Weiner","Evelyn Kramer","sandra@russell.ki",true
2902,2957,24,13.1914,"Jeff","Hardison","Pauline Kinney","alex@hensley.cf",true
2903,2958,34,13.5157,"Lillian","Lynch","Alfred Garrett","maria@berg.rw",false
2904,2959,38,11.1551,"Samantha","Mayo","Jerry Bowden","kathy@dougherty.lb",false
2905,2960,42,13.5405,"Russell","Denton","Benjamin Perkins","carolyn@hoyle.jm",true
2906,2961,42,13.897,"Clarence","Murphy","Kelly Vaughan","tracey@finch.ae",true
2907,2962,40,16.7022,"Constance","Nash","Clifford Cherry","florence@walter.sh",true
2908,2963,38,13.8815,"Todd","Lassiter","Pauline Spivey","tony@cash.km",true
2909,2964,32,18.9145,"Joanna","Kemp","Teresa Sinclair","frances@gibson.cf",false
2910,2965,48,16.4965,"Judith","Rich","Donna Gordon","katherine@hamrick.bf",true
2911,2966,44,15.5477,"Jerome","Glover","Laurence Vick","don@forrest.sl",false
2912,2967,44,16.36,"Adam","Anthony","Carl Kramer","glen@hale.gd",true
2913,2968,2,11.7868,"Jenny","Pridgen","Paige Creech","hannah@fischer.gs",true
2914,2969,41,16.34,"Katharine","Floyd","Anna Rollins","brooke@hardison.pl",true
2915,2970,21,13.0204,"Floyd","Richmond","Catherine Shaffer","patsy@cassidy.nr",false
2916,2971,37,13.0809,"Luis","Braun","Eileen Pittman","jeff@james.ht",true
2917,2972,35,10.8067,"Jan","Brantley","Sue Knowles","wesley@mckenzie.la",true
2918,2973,7,14.325,"Jeff","Vaughan","Neal Puckett","walter@kramer.ml",true
2919,2974,1,14.0125,"Dawn","McLean","Neal Cooper","catherine@singleton.sa",true
2920,2975,14,17.215,"Lillian","Lassiter","Geraldine Kramer","douglas@scarborough.sm",true
2921,2976,36,17.6356,"Wayne","Schultz","Guy Martin","lynda@nguyen.kp",false
2922,2977,4,14.4172,"Leon","Lyons","Diana Lassiter","allan@blalock.vu",true
2923,2978,2,18.6562,"Janet","Carlson","Don Davenport","scott@puckett.ms",false
2924,2979,20,14.0273,"Geraldine","Riddle","Patsy Hartman","ashley@padgett.ly",false
2925,2980,1,14.8625,"Luis","Kirk","Regina Olson","terry@denton.lv",false
2926,2981,35,18.6309,"Barry","Butler","Jean Chandler","chris@lam.cx",true
2927,2982,10,14.6112,"Allan","Whitaker","Oscar Atkins","tonya@wolf.jo",true
2928,2983,28,12.0111,"Alexander","Stark","Eleanor Lutz","tamara@oakley.gq",false
2929,2984,10,19.1548,"Tiffany","Fuller","Glen Hicks","ralph@heller.tl (changed from tp)",true
2930,2985,7,12.3966,"Barbara","Holloway","Rick McKnight","audrey@black.sc",true
2931,2986,8,13.2838,"Kelly","Aldridge","Kristin Jones","nicholas@phillips.vg",false
2932,2987,5,18.5272,"Adam","Blalock","Kathleen Walter","wade@jensen.um",false
2933,2988,33,12.8409,"Anna","Goldstein","Stephen Coley","keith@branch.tl (changed from tp)",true
2934,2989,36,18.2783,"Gary","Mullen","Marion Brantley","harvey@stuart.lr",false
2935,2990,10,11.1935,"Florence","Hardison","Brenda Baker","mark@mcclure.mk",false
2936,2991,24,15.3245,"Wendy","Fletcher","Judith Scott","steven@norman.uz",false
2937,2992,30,14.0583,"Andrew","Harmon","Glenda Beatty","neal@hutchinson.bo",true
2938,2993,33,13.058,"Larry","Carlton","Gene Hanna","jamie@barton.by",true
2939,2994,22,16.1827,"Allison","Vick","Ben Mangum","terry@o.hk",false
2940,2995,28,13.7608,"Franklin","Fletcher","Gail Branch","ricky@mack.ki",true
2941,2996,12,14.7729,"Nancy","Coble","Gina Hensley","debra@pitts.gw",false
2942,2997,0,15.5806,"Rodney","Siegel","Seth Odom","joseph@black.my",false
2943,2998,41,17.8522,"Harold","Rao","Henry Clarke","sherry@lam.kz",false
2944,2999,5,11.2839,"Priscilla","Jones","Carrie Puckett","wade@klein.br",false
2945,3000,15,12.0456,"Louis","Hall","Paige Whitaker","sherri@olson.fo",false
2946,3001,19,16.5841,"Tracey","Whitaker","Juan Rice","james@gray.ss",false
2947,3002,27,15.3517,"Dana","Jenkins","Carolyn Godfrey","dana@bender.gt",false
2948,3003,42,14.0733,"Franklin","Carlton","Stacy Lopez","charlene@moore.nr",false
2949,3004,19,10.4468,"Diana","Wolf","Debra Hatcher","kara@hewitt.tw",true
2950,3005,48,17.9278,"Marguerite","Zimmerman","Juan Townsend","bonnie@maynard.fi",true
2951,3006,8,14.758,"Sharon","Hardy","Vivian Carey","milton@pearson.mm",true
2952,3007,47,11.5133,"Beth","Zimmerman","Charles Sawyer","martin@conner.ec",false
2953,3008,5,16.3451,"Sherri","Nixon","Jessica Hanna","marcia@lutz.qa",false
2954,3009,39,11.2959,"Amy","Bowling","Henry Lopez","peter@cates.mg",false
2955,3010,29,10.5481,"Gina","Boyd","Harriet Dickerson","caroline@hinton.nf",true
2956,3011,1,10.712,"Donna","Hanson","Dana Barton","janice@hendrix.ec",true
2957,3012,26,16.981,"Rhonda","Melton","Christopher Alexander","eddie@elmore.mq",false
2958,3013,1,14.3166,"Zachary","Briggs","Kim Casey","martin@scott.pw",false
2959,3014,28,19.4003,"Bernice","Sutton","Barry French","chris@pridgen.sr",false
2960,3015,36,10.5543,"Jeanette","Fletcher","Harriet Allison","marguerite@barrett.to",true
2961,3016,5,12.1291,"Toni","Jiang","Sue Craven","bradley@warren.ad",false
2962,3017,26,10.4249,"Judith","Stanley","Don French","maxine@rich.ie",false
2963,3018,24,17.9329,"Vincent","Conner","Joseph McMillan","jeanette@sanchez.tn",false
2964,3019,3,15.9546,"Ashley","Willis","Ross Conway","mary@stanton.pa",false
2965,3020,29,16.9063,"Tammy","Lancaster","Ben Monroe","randall@godfrey.th",false
2966,3021,7,12.2491,"Christine","Watson","Patsy Shelton","franklin@connolly.bl",false
2967,3022,35,16.8407,"Jacob","Crabtree","Thelma Leach","ronald@floyd.ad",false
2968,3023,15,12.0712,"Tom","Kang","Gene Rich","calvin@steele.nf",false
2969,3024,41,18.2883,"Stacy","Watkins","Steve Ellis","laura@coley.sa",false
2970,3025,42,13.1711,"Curtis","Gibson","Gretchen Bishop","dean@chandler.tr",false
2971,3026,36,15.9297,"Bonnie","Morris","Anita Craven","glen@harrell.lv",false
2972,3027,18,19.1188,"Karl","Copeland","Emily Roth","larry@scott.jp",true
2973,3028,20,11.7294,"Samantha","O","Gene Sanchez","frances@garrett.tg",true
2974,3029,42,13.8027,"Dana","Winters","Jerome Cox","marvin@lassiter.vg",true
2975,3030,7,16.0341,"Alicia","Creech","Martha Lassiter","robyn@chu.ye",true
2976,3031,3,11.068,"Julian","Siegel","Vincent Blum","jonathan@kaplan.al",false
2977,3032,43,10.0048,"Ted","Lindsay","Wanda Lucas","raymond@blum.no",false
2978,3033,14,11.0579,"Edna","Hughes","Chris Bender","peggy@law.bt",true
2979,3034,36,15.1362,"Natalie","Love","Bobby Griffin","marianne@melton.vn",false
2980,3035,1,10.3101,"Eva","Bowers","Kelly Weeks","geoffrey@bowman.ye",false
2981,3036,7,17.3285,"Teresa","Song","Dawn Stevens","vincent@kenney.tg",false
2982,3037,37,18.0941,"Chris","Reed","Bonnie Walters","jerome@justice.dj",true
2983,3038,9,16.6789,"Janice","McAllister","Sue Cooper","wade@walsh.lt",false
2984,3039,26,19.7372,"Gladys","Sanchez","Lorraine Upchurch","thelma@holloway.bo",false
2985,3040,0,17.3507,"Nelson","Chambers","Hannah Morris","katherine@harmon.ck",true
2986,3041,10,16.9727,"Richard","Kang","Leo Stanton","hannah@mack.mw",true
2987,3042,34,17.6314,"Elaine","Livingston","Louis McAllister","gloria@berger.bw",false
2988,3043,20,12.5993,"Hazel","Berman","Dianne Link","kim@pollard.ae",true
2989,3044,19,12.4281,"Benjamin","Burnette","Florence Robertson","miriam@rosenthal.vu",true
2990,3045,26,16.9511,"George","Sullivan","Jon Scarborough","geraldine@barton.hr",false
2991,3046,34,18.5891,"Lester","Harrell","Rick Proctor","clara@rogers.net",false
2992,3047,29,18.1303,"Todd","Vaughn","Kim Harris","cecil@brandt.iq",true
2993,3048,14,13.7917,"Larry","Underwood","Ricky Pitts","ellen@ferrell.bw",true
2994,3049,15,17.1937,"Samantha","Walters","Thelma Moser","glenda@abbott.sh",false
2995,3050,42,14.3756,"Luis","Bender","Steven West","jose@bailey.ly",true
2996,3051,31,15.9002,"Ashley","Carlson","Jessica Davies","wallace@harper.cx",true
2997,3052,3,13.1869,"Ricky","Willis","Louis Burton","dorothy@o.tc",false