2998,3053,25,10.8704,"Gretchen","Stanton","JeromeStevenson","anne@cherry.sd",false
2999,3054,8,17.4988,"Gilbert","Wagner","NathanHester","vivian@hutchinson.vi",true
3000,3055,28,18.1422,"Anna","Sullivan","GinaO","audrey@daly.mw",false
3001,3056,46,13.0189,"Neal","Hobbs","EmilyCarroll","rhonda@crane.ma",true
3002,3057,2,14.2563,"Regina","Hernandez","BrandonGarcia","randy@crabtree.sj",false
3003,3058,8,16.9083,"Jimmy","Graves","LawrenceWeeks","marianne@spivey.tn",true
3004,3059,29,14.1969,"Beth","Puckett","AshleyCox","patrick@kenney.za",true
3005,3060,39,19.7916,"Danny","Puckett","LeePate","catherine@beatty.ne",false
3006,3061,42,18.8115,"Marsha","Cowan","IanKenney","mike@gray.za",true
3007,3062,38,11.7054,"Warren","Robinson","BrianBurgess","evelyn@kang.az",true
3008,3063,12,10.8955,"Vickie","Reilly","HerbertSwanson","russell@hines.ax",true
3009,3064,26,19.1011,"Martin","Glover","NormanBender","luis@harrington.kn",false
3010,3065,16,14.3283,"Heather","Fitzpatrick","AlanHolland","ronnie@vincent.md",false
3011,3066,1,17.3581,"Ashley","Burnette","JordanJohnston","robert@powers.la",true
3012,3067,8,10.2553,"Don","Kent","TracyCarroll","jimmy@woodward.bs",false
3013,3068,34,13.6348,"Eleanor","Hoyle","FranklinBowling","tony@raynor.nc",true
3014,3069,32,15.9246,"Aaron","Hoyle","VickiAllen","tammy@francis.kp",false
3015,3070,35,16.9953,"Roger","Creech","MichelleHines","sherri@knight.ci",true
3016,3071,46,15.2638,"Theresa","Hunt","LucyHale","julia@richards.za",true
3017,3072,45,11.1218,"Virginia","Ashley","SherriWrenn","willie@jennings.ie",false
3018,3073,23,18.2621,"Bonnie","Wolf","ElsieNorman","evelyn@west.mp",false
3019,3074,21,19.3649,"Evan","Cox","MonicaHayes","amy@diaz.cc",false
3020,3075,1,12.0855,"Patrick","Best","PeterStanton","lloyd@finch.kh",true
3021,3076,21,19.1312,"Cynthia","Lloyd","JudithLassiter","joann@lloyd.es",true
3022,3077,15,19.4213,"Jack","Tilley","ReginaBaker","vincent@adcock.rw",false
3023,3078,27,12.3242,"Paula","Horne","BrentOlson","eddie@harris.nr",false
3024,3079,34,13.3956,"Scott","O","GeraldineSims","calvin@harmon.hk",true
3025,3080,16,12.0003,"Kristen","Daly","KristenCreech","louis@glover.gov",true
3026,3081,48,18.7502,"Nina","Barton","GayleBolton","stephen@aldridge.mc",false
3027,3082,5,15.4973,"Nancy","Weeks","MelindaBunn","kimberly@abbott.aw",false
3028,3083,1,18.03,"Katherine","Crabtree","EdgarSimmons","bobby@simmons.sr",false
3029,3084,4,16.6829,"Katherine","Donovan","WillieCurtis","sidney@cooper.is",false
3030,3085,8,13.6116,"Marian","Boswell","LeoHarris","frances@ellington.kh",true
3031,3086,2,17.0299,"George","Mack","KathyPuckett","monica@mccall.bj",false
3032,3087,8,11.4192,"Thomas","Wilkerson","TedLanier","mark@powers.pe",true
3033,3088,15,18.4722,"Nina","Garcia","DeborahMcAllister","oscar@lloyd.kr",true
3034,3089,3,18.466,"Floyd","Daly","ElsieHayes","anna@merritt.hk",true
3035,3090,41,10.2672,"Kate","Kelly","WesleySawyer","theresa@starr.tj",false
3036,3091,22,16.5883,"Penny","Bradshaw","PaulineMaynard","harold@klein.de",false
3037,3092,32,15.9866,"Russell","Bunn","KristenBradshaw","anna@sawyer.br",false
3038,3093,15,10.3834,"Neal","Walters","LuisChung","lester@erickson.lc",false
3039,3094,31,15.8129,"Leigh","Jennings","VincentPickett","jennifer@sutherland.sx",false
3040,3095,42,19.8099,"Oscar","Herbert","KarenZhang","carol@reid.gq",false
3041,3096,47,16.2971,"Donald","Burch","MelanieGarrett","patricia@abrams.nf",false
3042,3097,6,13.8451,"Marilyn","Harris","KarenLindsay","lester@johnston.ni",false
3043,3098,42,17.2521,"Tommy","Ritchie","DonnaFink","emily@bowling.gl",false
3044,3099,13,15.4878,"Patsy","Gunter","MeganCassidy","florence@o.cz",true
3045,3100,16,18.0027,"Lois","Boswell","MariaHill","mitchell@murphy.br",true
3046,3101,7,12.5827,"Benjamin","Jennings","MarthaKemp","todd@mclean.gq",false
3047,3102,46,13.7856,"Theodore","Gibson","ClaraBolton","erin@mckee.cx",true
3048,3103,36,18.8831,"Sandra","Haynes","EugeneJensen","jon@blair.nc",false
3049,3104,12,13.0488,"Eleanor","Barbour","ValerieHumphrey","julie@johnston.tf",false
3050,3105,18,16.488,"Rita","Daniels","DanCaldwell","gail@hedrick.bt",true
3051,3106,26,17.3213,"Hazel","Heath","BenLynch","miriam@byrne.sb",false
3052,3107,47,12.5436,"Stephen","Li","BrentMcKenzie","mary@reed.ni",false
3053,3108,19,18.8045,"Chris","Burgess","KristineWalsh","lorraine@mckee.dk",false
3054,3109,15,17.1096,"Faye","Kelley","JeanetteGarrett","glenda@saunders.km",false
3055,3110,6,10.093,"Tonya","Song","EthelWaters","franklin@weber.ss",false
3056,3111,37,17.8123,"Maxine","Lucas","AllanRice","maureen@britt.ug",false
3057,3112,16,19.7566,"Lester","Hawley","KatherineMcPherson","nelson@richmond.gi",true
3058,3113,20,11.6746,"Lewis","May","DebraAllison","audrey@mayer.jm",false
3059,3114,8,17.2103,"Francis","Rich","RickGolden","allison@hinson.gb",true
3060,3115,44,16.6706,"Brian","Stone","PatriciaLivingston","brandon@proctor.mr",false
3061,3116,44,11.8405,"Courtney","Arthur","GeraldineJames","sue@callahan.kp",true
3062,3117,15,18.3509,"Dana","Klein","AnitaNolan","anna@rubin.nu",true
3063,3118,47,13.5547,"Jeanne","Gibson","BrentGilbert","cheryl@henry.tn",true
3064,3119,38,18.9491,"Harvey","Beatty","GretchenHardy","neal@bowden.af",true
3065,3120,7,16.6583,"Bob","Lucas","AmandaHunt","derek@hayes.as",false
3066,3121,43,10.3902,"Jack","Powers","LouiseBall","kim@powers.bq",true
3067,3122,20,11.694,"Regina","Pate","StacySykes","jay@cassidy.na",false
3068,3123,4,18.1076,"Janice","Graves","EvelynHunt","ronald@olson.pr",true
3069,3124,35,16.2176,"Joseph","Bowden","DeniseBrady","annie@diaz.mn",true
3070,3125,24,19.6408,"Carrie","Bolton","GaryChung","tamara@morgan.sv",true
3071,3126,45,17.5791,"Jonathan","Blackwell","JackMoon","martin@glass.do",false
3072,3127,13,12.5844,"Danielle","Blair","LynneBaldwin","malcolm@harris.bs",false
3073,3128,2,13.1626,"Louis","Daniels","BobbyPuckett","larry@puckett.br",false
3074,3129,48,15.8193,"Renee","Nance","CarolineSellers","jerome@watts.pr",false
3075,3130,35,11.9318,"Guy","Rich","GuyGunter","pauline@locklear.ms",true
3076,3131,37,14.1961,"Julia","Boyd","PaigeO","janice@johnston.fo",true
3077,3132,4,16.49,"Maureen","McKenzie","ErikaFranklin","christina@hendricks.kz",true
3078,3133,15,18.307,"Emily","Dale","DianaKing","hazel@lloyd.vi",false
3079,3134,13,10.757,"Kathy","Wong","SteveFinch","alfred@byers.cy",true
3080,3135,32,16.68,"Marlene","Snow","BetsyFarrell","gladys@sims.sj",false
3081,3136,43,17.1759,"Douglas","Davidson","SteveChang","lorraine@washington.mv",false
3082,3137,8,14.9092,"Evelyn","Burke","ChrisSavage","jeanette@rich.nu",false
3083,3138,25,16.5162,"Anita","Davies","SaraBanks","george@dickinson.uy",false
3084,3139,36,12.1562,"Alvin","Li","GretchenLindsay","jeanne@hartman.kp",false
3085,3140,27,13.0704,"Ronald","Welch","JacobHartman","elaine@nolan.in",true
3086,3141,4,12.9501,"Roy","Ellis","AlvinWoodard","ashley@hester.bd",true
3087,3142,14,11.4846,"Tommy","Scott","TaraBerman","rebecca@crane.ge",false
3088,3143,49,17.8958,"Priscilla","Pearson","FranklinSherrill","jerome@lehman.rs",false
3089,3144,18,17.5247,"Renee","Friedman","AllanShaffer","nina@stanton.ls",true
3090,3145,31,14.5943,"Gilbert","Rowe","StacyFitzpatrick","courtney@kane.bq",false
3091,3146,22,19.9293,"Glenda","Hall","DanielleCook","darlene@pittman.ni",false
3092,3147,48,19.6519,"Alfred","Anthony","JonPadgett","sarah@link.us",false
3093,3148,28,13.9464,"Penny","Abbott","BettyMonroe","geraldine@jennings.mr",false
3094,3149,2,10.7877,"Rebecca","Love","EvelynKnowles","katherine@lowry.es",false
3095,3150,2,12.2646,"Philip","Bowman","AlbertMoore","pat@skinner.lc",true
3096,3151,19,11.5747,"Randall","Reid","AlfredWalters","jeanette@allen.ne",true
3097,3152,1,10.572,"Jack","Bowling","VeronicaWalsh","christina@langley.fi",true
3098,3153,29,12.9924,"Evelyn","Haynes","KimberlyDalton","patsy@sherrill.ve",true
3099,3154,46,11.5152,"Paige","Vaughn","CharlesCox","dana@henson.bt",true
3100,3155,44,16.0506,"Carl","Burgess","HeatherChase","lauren@connor.pg",true
3101,3156,12,10.7275,"Frederick","Boyette","ToniMurphy","gretchen@livingston.sk",true
3102,3157,31,11.3351,"Eva","Smith","LeroyRobinson","robert@mills.bq",true
3103,3158,2,13.4024,"Calvin","West","CherylBurch","emily@jones.it",true
3104,3159,18,12.7136,"Regina","Schroeder","BernardSolomon","jack@pugh.bl",true
3105,3160,23,18.5961,"Dawn","Douglas","ElaineReed","patsy@solomon.cw",false
3106,3161,42,15.7617,"Vernon","Byrne","NelsonMassey","beth@mclean.ec",true
3107,3162,1,17.5671,"Melissa","Quinn","KristineCase","thelma@moran.ua",false
3108,3163,7,19.6028,"Jeff","Boykin","RhondaMann","edna@pugh.cl",true
3109,3164,39,17.8114,"Edgar","Huffman","LaurenWoods","joann@waters.li",false
3110,3165,4,15.8492,"Marguerite","Hughes","GilbertRowland","jerome@solomon.td",true
3111,3166,20,19.5082,"Nicholas","Park","RonaldBoyd","harriet@quinn.is",true
3112,3167,20,11.828,"Penny","Knowles","CliffordKane","matthew@richardson.mw",false
3113,3168,40,19.4479,"Rebecca","Carver","CynthiaRosenberg","christopher@lane.za",true
3114,3169,15,10.7382,"Donna","Fink","JoshuaBowles","kathleen@pearce.om",false
3115,3170,19,18.3037,"Grace","Hardin","LyndaButler","clyde@law.ba",false
3116,3171,9,11.5864,"Glenda","McNamara","ChrisHoover","jeff@dawson.pg",false
3117,3172,20,14.5594,"Russell","Bender","KatharineDalton","cathy@franklin.ni",false
3118,3173,32,17.795,"Alfred","Love","AshleyHu","stacy@henson.be",true
3119,3174,42,16.1465,"Vanessa","Burgess","WesleySharma","joshua@whitehead.sc",false
3120,3175,25,19.9082,"Jimmy","Ritchie","AnnieBrantley","julia@mcneill.sy",true
3121,3176,8,19.9137,"Eddie","Marsh","ShannonGibson","eddie@finch.st",false
3122,3177,22,19.8559,"Tara","Conner","EileenGrossman","annie@jones.gn",false
3123,3178,18,19.7453,"Marianne","Hinson","BillHarris","steve@klein.my",false
3124,3179,19,15.0287,"Bonnie","Bowers","KenMarsh","michelle@jernigan.ly",false
3125,3180,34,17.5704,"Amanda","Phillips","MiltonLam","harry@reid.sv",true
3126,3181,16,11.2327,"Hannah","Owens","JuliaChristian","hazel@schroeder.gw",true
3127,3182,28,10.6567,"Kent","Hensley","DorisJames","diana@chambers.ar",true
3128,3183,9,14.0732,"Shawn","House","RalphMiles","dennis@wallace.de",false
3129,3184,47,11.7085,"Bonnie","Lynn","DianaCates","vincent@baker.dk",true
3130,3185,48,11.2269,"Brenda","Braswell","ElaineHatcher","herbert@hernandez.pa",true
3131,3186,39,11.9959,"Vivian","Fox","LuisSharpe","lewis@knowles.lu",false
3132,3187,24,10.2221,"Anita","Kemp","VincentConnor","christopher@newton.lr",false
3133,3188,6,14.9079,"Lee","Garrison","MeganO","robyn@chambers.mv",true
3134,3189,20,19.6087,"Marsha","Leach","MalcolmSullivan","vivian@love.fr",false
3135,3190,41,11.0555,"Claire","Jennings","RobynBowman","carolyn@rosenberg.au",false
3136,3191,18,11.4916,"Willie","Coleman","SusanHerbert","henry@justice.at",true
3137,3192,24,15.1161,"Theodore","Bruce","RitaBarefoot","annie@hardy.sy",true
3138,3193,14,11.5227,"Floyd","Gibbons","RussellStephens","beth@knight.rw",true
3139,3194,47,16.3264,"Tina","Currie","CourtneyByrne","glen@knight.ao",false
3140,3195,33,18.6961,"Rhonda","Hartman","LucilleHenson","kyle@nichols.jo",false
3141,3196,47,16.4416,"Evan","Hughes","GeraldineSchroeder","norman@cowan.sl",false
3142,3197,28,16.821,"Dianne","Song","EdgarChristian","ben@watson.sj",false
3143,3198,28,13.0883,"Emily","Becker","ClaireBowling","kristen@sherrill.mu",true
3144,3199,43,12.7779,"Claire","Schultz","NancyWelch","katharine@whitley.bn",false
3145,3200,14,15.6656,"Jordan","Duke","SamanthaRaynor","christy@chu.jm",false
3146,3201,31,15.647,"Francis","Cooke","LaurenceHaynes","joy@riddle.tz",true
3147,3202,4,17.5367,"Vickie","Scarborough","AnitaOwen","wesley@barton.cn",true
3148,3203,6,10.1102,"Lynne","Li","MarkGodwin","ben@norman.jo",false
3149,3204,15,11.6339,"Jenny","Henderson","JohnnyMay","eugene@grimes.et",true
3150,3205,40,12.1617,"Eddie","Warner","ClaireSchultz","clarence@denton.pg",false
3151,3206,9,10.6458,"Anita","Cook","TerryMay","kathy@miles.kn",false
3152,3207,33,11.2394,"Heidi","Nash","TeresaBranch","roberta@wilkerson.ms",false
3153,3208,25,14.4539,"Walter","Christensen","PaulNguyen","kim@harris.pf",false
3154,3209,44,11.9288,"Rhonda","Barry","NatalieMcNeill","joy@jones.pt",true
3155,3210,5,15.2737,"Lynn","Choi","RickyHarmon","monica@brady.vg",false
3156,3211,32,14.3484,"Glenn","Lutz","RonnieDavidson","tracey@hayes.ck",true
3157,3212,4,14.0109,"Martin","Burnette","CalvinCopeland","alex@bradley.ke",true
3158,3213,1,15.1242,"Tamara","Davenport","SarahGolden","bradley@brady.uy",true
3159,3214,19,16.224,"Kathy","Bowden","JustinKoch","keith@padgett.gg",true
3160,3215,48,12.4745,"Timothy","Warner","SharonTilley","christian@norman.pe",true
3161,3216,31,13.8619,"Maureen","Branch","ShawnBarefoot","janet@blanchard.cd",false
3162,3217,45,15.8573,"Jack","Love","GretchenBeach","tommy@sherrill.fk",false
3163,3218,4,12.9186,"Melissa","Cobb","ReneeSawyer","lester@dunlap.lu",true
3164,3219,41,16.2552,"Marilyn","Craven","KimberlyRoss","william@kirby.tn",false
3165,3220,12,12.1929,"Warren","Henry","AllenMeadows","peter@adkins.gt",false
3166,3221,46,17.4018,"Ethel","Steele","PaulaO","erica@dickinson.us",true
3167,3222,47,19.5267,"Todd","Sykes","JoanAllison","sandra@blair.by",false
3168,3223,10,10.5025,"Gladys","Baker","DianaReilly","alfred@norton.sc",true
3169,3224,34,18.1801,"Lester","Hatcher","EddieNewton","lloyd@massey.cv",false
3170,3225,21,14.0118,"Stacey","Finch","AllisonCassidy","brenda@li.ar",true
3171,3226,43,15.4512,"Nancy","Lowe","VeronicaKeller","lester@casey.tl(changedfromtp)",false
3172,3227,22,16.3765,"Janet","Barrett","AnnieGlover","vincent@mclean.pe",true
3173,3228,48,19.86,"Christina","Gibson","KristineSkinner","dorothy@waller.cy",false
3174,3229,13,18.2088,"Clara","Whitley","CarolynGould","samantha@hendricks.dk",false
3175,3230,6,15.6963,"Vernon","Locklear","JayCasey","jacob@huffman.ba",true
3176,3231,23,11.7583,"Neal","Callahan","ScottReed","jack@mcclure.kr",true
3177,3232,17,15.0995,"Christina","Knowles","MarilynBaldwin","ben@franklin.kz",true
3178,3233,22,14.0576,"Joshua","Meadows","CharleneLucas","dwight@allison.ag",false
3179,3234,22,19.0298,"Deborah","O","RossLittle","dennis@whitley.co",true
3180,3235,3,18.5179,"Lynne","Butler","JerryCreech","stacy@waller.tm",true
3181,3236,45,14.5805,"Gene","Lang","SandraHarvey","kent@chang.ga",true
3182,3237,26,14.3767,"Paige","West","TracyStephenson","rhonda@schultz.lr",false
3183,3238,36,15.7406,"Leigh","Archer","MarcusMay","carole@kemp.kw",true
3184,3239,47,17.3142,"Vanessa","Chandler","JudyRosenthal","martin@pappas.mc",false
3185,3240,3,10.0392,"Gayle","Lynch","NinaHorne","sidney@powers.lc",false
3186,3241,16,17.1043,"Kent","McKay","SidneyDavis","vincent@warren.np",true
3187,3242,30,16.6081,"Arlene","Bender","DianaCochran","valerie@melton.eh",false
3188,3243,6,19.5193,"Milton","Love","WadeBerger","allen@johnston.uz",true
3189,3244,15,15.6296,"Ben","Chan","SidneyHaynes","laura@mcclure.ml",false
3190,3245,16,13.2791,"Joy","Parrott","JaneCarroll","annette@boyd.lk",false
3191,3246,26,17.486,"Tim","Cates","WandaMorris","wesley@wallace.ye",false
3192,3247,37,14.2567,"Guy","Hughes","MelanieSherrill","betsy@nichols.bz",true
3193,3248,26,10.2453,"Roberta","Boyd","SherriWiley","nathan@koch.gu",true
3194,3249,3,12.9051,"Leo","Baker","KenMarks","tara@harris.as",true
3195,3250,16,11.7622,"Eva","Snyder","BradleyCox","rick@middleton.va",false
3196,3251,33,16.4236,"Sidney","Ellis","SandraFarrell","katherine@wu.mc",true
3197,3252,31,12.2781,"Barry","Vincent","SusanRobinson","sandy@connor.om",false
3198,3253,20,16.9838,"Dawn","Harris","PatriciaNash","lynne@wolf.za",false
3199,3254,29,11.029,"Wayne","Denton","MalcolmWeiner","chris@peterson.bd",false
3200,3255,1,10.8834,"Nancy","Chang","BenHill","danny@floyd.tn",false
3201,3256,1,18.0606,"Jennifer","Spencer","HannahHayes","vanessa@galloway.km",true
3202,3257,22,14.496,"Bernard","Garrett","JustinFinch","vickie@fitzpatrick.bo",true
3203,3258,34,17.1028,"Benjamin","Davenport","FrancisCarver","dana@mckinney.bq",true
3204,3259,40,19.6851,"Lorraine","Reed","MiriamWillis","peggy@maynard.si",true
3205,3260,11,18.1324,"Beth","Curtis","RonnieMcMahon","peter@harper.sd",true
3206,3261,25,14.1094,"Lester","Brady","TiffanyDawson","eva@capps.se",true
3207,3262,1,14.2138,"Teresa","Lamb","JerryPetersen","alfred@ellis.ua",true
3208,3263,47,13.7262,"Mitchell","Huffman","YvonneGilbert","samantha@reid.ky",true
3209,3264,16,14.6678,"Ben","Meadows","KaySkinner","samantha@cochran.gs",false
3210,3265,33,18.7423,"Hannah","Guthrie","CarolineAtkins","audrey@lindsay.ve",false
3211,3266,32,16.9439,"Benjamin","Francis","CherylLowry","teresa@kennedy.dm",false
3212,3267,29,10.7976,"Marian","Scarborough","MarcHolmes","melinda@dalton.cl",true
3213,3268,9,12.5069,"Maria","Pickett","KellyKay","russell@holden.ie",true
3214,3269,46,13.7378,"Milton","Livingston","SamanthaKramer","aaron@rice.gg",false
3215,3270,13,15.2592,"Alice","Dickerson","KyleGray","katherine@weeks.fj",true
3216,3271,31,14.057,"Marguerite","Steele","MarshaWolf","pat@roy.ma",true
3217,3272,2,14.0987,"Marilyn","Hess","ShannonDillon","philip@marks.ni",true
3218,3273,11,16.1034,"Harriet","Burgess","MarianneButler","allison@mcdonald.sg",false
3219,3274,44,11.928,"Roger","Kang","JennyFinch","glen@barton.ge",true
3220,3275,13,18.4567,"Emily","Riddle","MarshaAlston","ann@oakley.gs",false
3221,3276,48,13.0777,"Frederick","Bowman","JordanMarks","courtney@boswell.sj",true
3222,3277,7,17.3874,"Catherine","Hines","BrendaRowe","anna@allen.sn",false
3223,3278,48,10.4061,"Connie","Lutz","JulianChristian","kelly@rosenberg.vg",true
3224,3279,15,15.2476,"Lester","Duke","KarenMcAllister","jill@hoyle.sb",false
3225,3280,3,16.9318,"Margaret","Gibson","FranklinStanton","audrey@boyette.pn",false
3226,3281,41,15.1608,"Vivian","Daly","AllenPadgett","shelley@golden.es",false
3227,3282,2,12.1802,"Pauline","Lang","BrendaGoldman","lynne@johnston.jo",false
3228,3283,43,12.2829,"Frances","Anthony","MargueriteJennings","stacy@hensley.et",true
3229,3284,18,18.2462,"Allen","Alexander","MiriamGlass","judith@mcintosh.aw",true
3230,3285,17,19.2341,"Kristen","Pickett","EricCannon","russell@moore.tl(changedfromtp)",true
3231,3286,39,18.8818,"Alice","Pugh","TheodoreDickerson","brent@mcneill.ci",true
3232,3287,43,12.7729,"Holly","Friedman","PennyRowe","charlene@pittman.uz",true
3233,3288,17,17.9884,"Faye","Schwartz","VickiHouston","robyn@scarborough.li",false
3234,3289,27,13.1236,"Rhonda","Hawkins","LuisLowe","clifford@dunlap.lk",true
3235,3290,37,14.262,"Justin","Garrett","ChristineHatcher","lawrence@li.om",false
3236,3291,37,10.5772,"Rita","Scott","CourtneyHunt","melinda@gay.nz",true
3237,3292,10,13.9827,"Jan","Gonzalez","SherriClapp","claire@branch.ve",false
3238,3293,0,17.3278,"Donna","Bowles","MariaMelton","arthur@parsons.mn",true
3239,3294,32,19.2597,"Elaine","Goldstein","SandraGold","sherri@stuart.ke",true
3240,3295,33,19.0113,"Franklin","Fox","LillianMoser","molly@lucas.vg",true
3241,3296,40,12.2449,"Claire","Olson","LoisHoover","bruce@kay.cr",false
3242,3297,37,16.0164,"Holly","Freedman","MalcolmGarcia","lynne@lopez.om",true
3243,3298,13,13.083,"Jon","Olsen","DonnaParrott","nicholas@mckenzie.mk",false
3244,3299,23,18.1113,"Oscar","Manning","AnnieCoble","doris@pitts.ro",true
3245,3300,31,17.5588,"Marcus","Baker","JordanChandler","erin@lawson.ws",false
3246,3301,33,18.7979,"Robyn","Eason","JeanneGarcia","kristin@parrott.li",true
3247,3302,21,13.9082,"Kim","Hanson","LesterHayes","luis@mullen.pe",true
3248,3303,37,16.686,"Pauline","Craig","JeromeFrazier","gayle@field.rs",false
3249,3304,37,18.5481,"Donald","Pappas","EdgarConrad","kristine@nixon.sg",true
3250,3305,28,19.4636,"Courtney","Thompson","BenjaminBender","curtis@carlson.cc",false
3251,3306,12,11.0784,"Glenn","Rosenthal","ReneeRowe","amanda@watkins.cm",true
3252,3307,48,10.361,"Melissa","Coley","PriscillaO","luis@moon.ai",false
3253,3308,36,14.4178,"Nathan","Bender","RitaHewitt","tonya@parrott.cr",false
3254,3309,19,13.7444,"Priscilla","Baldwin","MarleneStark","richard@mcmahon.cy",false
3255,3310,24,11.045,"Harvey","Guthrie","ClarenceO","penny@barber.fo",false
3256,3311,31,15.5959,"Ann","Wu","AliciaHardy","joanna@cobb.ie",false
3257,3312,27,13.4076,"Tamara","Finch","SamanthaSkinner","clifford@reid.fj",false
3258,3313,41,15.705,"Kyle","Song","StaceyBailey","gregory@weber.gp",true
3259,3314,29,14.5093,"Raymond","Mann","MollyFitzpatrick","mike@poole.sz",false
3260,3315,16,18.1107,"Ben","Rosenthal","BrettPadgett","melinda@pierce.tf",true
3261,3316,24,16.8347,"Cynthia","Love","LloydBurke","sue@smith.cf",true
3262,3317,49,10.7006,"Cecil","Finch","JoanneYang","charles@raynor.pr",false
3263,3318,40,15.3682,"Jeff","Horne","JonathanWatts","chris@davies.gm",true
3264,3319,48,19.4072,"Benjamin","Davies","BenjaminHayes","gretchen@katz.tf",true
3265,3320,29,14.9234,"Tammy","English","EdwinAnthony","timothy@middleton.mg",true
3266,3321,16,18.606,"Gilbert","Stanton","AnnieMcCall","robert@monroe.dk",true
3267,3322,39,18.3369,"Don","Chang","KarenPittman","ann@banks.pe",true
3268,3323,8,15.884,"Richard","Newton","RandallStone","pat@francis.mf",false
3269,3324,16,11.8629,"Lynda","Forrest","BrianCooke","brooke@braswell.bg",false
3270,3325,26,15.0575,"Harry","Robinson","MarleneMelton","peggy@melton.mk",false
3271,3326,32,17.4807,"Barry","Nance","LynnePearson","julian@callahan.cu",true
3272,3327,15,11.2471,"Angela","Davis","StanleyClements","elsie@braun.ws",true
3273,3328,42,10.2706,"Herbert","Bowman","PeterPayne","leroy@ross.org",true
3274,3329,33,19.1186,"Marguerite","O","MalcolmSchultz","peggy@robinson.ci",false
3275,3330,41,13.3405,"Caroline","Burton","HeatherHarmon","theodore@goldman.nl",false
3276,3331,37,19.6719,"Ralph","MacDonald","BethChang","oscar@webb.pa",false
3277,3332,2,15.9108,"Tommy","Fisher","FranklinThomas","jon@erickson.be",true
3278,3333,44,16.299,"Lloyd","Livingston","MarthaJernigan","karen@godfrey.bn",true
3279,3334,38,14.4733,"Laurence","Hall","EugeneCarey","stanley@stout.gh",false
3280,3335,35,10.4163,"Zachary","Herbert","KatherineMiddleton","herbert@hatcher.pn",false
3281,3336,44,16.5834,"Nicholas","Welch","RitaMcMahon","lynda@siegel.mil",true
3282,3337,1,15.1758,"Heather","Berger","JuliaDavidson","diana@floyd.ly",false
3283,3338,34,15.9519,"Benjamin","Hanson","StaceyKirk","paige@byers.gl",true
3284,3339,20,15.3416,"Eric","Kirk","SusanJensen","penny@harvey.si",true
3285,3340,10,16.8492,"Douglas","Sanchez","KateHinson","ruth@hunt.org",true
3286,3341,30,19.9466,"Russell","Olson","HannahBarber","ted@burnett.nu",false
3287,3342,4,17.2532,"Sheryl","Butler","JackSchultz","bradley@puckett.mz",false
3288,3343,46,13.4478,"Tony","Chambers","JerryMcCormick","stephen@leach.sn",false
3289,3344,9,10.1561,"Vincent","McKenna","PaigeCaldwell","clara@capps.mv",true
3290,3345,48,15.2829,"Holly","Reed","KatherineNolan","jeanette@pearson.kr",false
3291,3346,34,11.1094,"Marcia","McLeod","BrendaCopeland","matthew@fox.tf",true
3292,3347,36,14.0238,"Malcolm","Harper","RonaldRiley","sidney@graves.mf",false
3293,3348,21,17.2663,"Brett","Coates","VivianRoss","leah@elmore.hm",true
3294,3349,28,11.7459,"Julie","Shelton","ChristinaStanley","maria@peterson.to",false
3295,3350,15,11.5103,"Dawn","Franklin","JeffPitts","darlene@gross.mx",false
3296,3351,39,13.9179,"Stephen","Bender","ScottCurrie","rhonda@harris.mc",false
3297,3352,25,10.1626,"Evelyn","Tyson","JeanneBrady","karl@tilley.mf",true
3298,3353,37,13.6902,"Beth","Benton","PatsyFerrell","shelley@lindsay.mk",true
3299,3354,46,15.93,"Marshall","May","LouiseSolomon","veronica@dunlap.lu",false
3300,3355,3,13.5666,"Pauline","Davenport","HeatherChung","geraldine@burch.gd",false
3301,3356,7,13.2168,"Evan","Burnette","SarahMcLean","marlene@song.mv",true
3302,3357,36,16.6415,"Joan","Livingston","GayleFox","julie@mangum.ad",false
3303,3358,20,13.2728,"Bernard","Schwartz","ChrisBurgess","philip@o.cv",false
3304,3359,16,10.1624,"Wade","Jernigan","CarolineHouston","kristen@wrenn.ie",true
3305,3360,22,11.7243,"Jennifer","Gold","EdnaGallagher","herbert@ball.gm",false
3306,3361,15,15.0124,"Russell","Friedman","MariaGibson","carolyn@corbett.gi",false
3307,3362,15,14.68,"Florence","Waters","RobertLangley","ryan@hardison.bf",true
3308,3363,36,15.0448,"Judith","Carey","LesterNixon","gina@chandler.de",false
3309,3364,19,18.6803,"Neal","Byers","LesterJennings","adam@waters.pm",true
3310,3365,9,19.3514,"Hazel","Hobbs","BrettBoswell","richard@cooke.ps",false
3311,3366,7,10.361,"Martha","Love","MelindaOdom","eleanor@case.es",false
3312,3367,29,16.962,"Joy","Stuart","BonnieAldridge","brian@farrell.si",true
3313,3368,30,12.9496,"Walter","Sellers","JoanneHutchinson","sara@carver.ae",true
3314,3369,33,13.2499,"Jason","Coley","RuthDiaz","albert@langston.my",false
3315,3370,18,11.2252,"Erica","Diaz","LucyMatthews","katharine@schwartz.ki",false
3316,3371,3,17.2165,"Jeff","Knight","JamesWolfe","ricky@currin.mo",false
3317,3372,17,11.7706,"Sherri","Garrett","LeeGunter","glen@watson.gu",false
3318,3373,41,10.2062,"Rita","Mann","KristenByrne","leo@kenney.bg",true
3319,3374,13,14.9058,"Shannon","McPherson","EdgarDawson","hazel@schultz.be",true
3320,3375,5,16.6818,"Katie","Wall","KatharineSinclair","charles@miles.dz",false
3321,3376,4,19.3336,"Kelly","Boyette","MaryMcPherson","elsie@wiggins.bb",false
3322,3377,0,18.7842,"Wanda","Kelley","LillianRiley","heidi@greenberg.tf",false
3323,3378,34,11.6327,"Henry","Huff","RandyDolan","sandy@wilkerson.bd",false
3324,3379,7,14.9873,"Eugene","Franklin","AlanZhang","tommy@bunn.mt",false
3325,3380,33,14.1624,"Katharine","Case","ChristyMay","brandon@english.tm",true
3326,3381,32,13.1546,"Thomas","Underwood","LouisMack","monica@olson.cc",true
3327,3382,28,10.7711,"Tony","Wallace","SandyDickinson","lorraine@elmore.zm",true
3328,3383,18,10.5857,"Rita","Lawrence","TheodoreCaldwell","steve@clapp.is",true
3329,3384,29,16.2896,"Zachary","Tilley","DanielleWeeks","clara@alexander.om",false
3330,3385,21,12.2312,"Geoffrey","Denton","HarryScarborough","christina@bowling.kw",false
3331,3386,21,13.5675,"Sherri","Ballard","MonicaWhitehead","dana@garcia.ly",true
3332,3387,13,19.492,"Max","Greenberg","FlorenceHolloway","annie@hawley.vn",true
3333,3388,1,14.3533,"Gwendolyn","McFarland","GeoffreyDenton","rita@richmond.rs",false
3334,3389,1,13.1018,"Alfred","Stephens","ReneeKramer","sandra@carlson.va",false
3335,3390,44,12.9874,"Chris","Foster","BrentQuinn","hilda@monroe.ie",true
3336,3391,16,12.6944,"Willie","Hamilton","CatherineCarroll","norman@caldwell.mv",true
3337,3392,20,19.1295,"Kathleen","Harris","CrystalMiles","judy@hendricks.gov",false
3338,3393,38,10.2797,"Amanda","Bruce","BenPugh","katherine@berg.gf",true
3339,3394,0,18.4702,"Regina","Jennings","DianneWatts","melissa@poole.ug",true
3340,3395,49,11.4188,"Bob","Padgett","SandyBoswell","tim@rosenthal.bs",false
3341,3396,13,11.9751,"Eddie","Carter","ChristinaSchwartz","penny@hanna.id",false
3342,3397,12,11.6835,"Melanie","Barbour","BrettColey","paige@carter.gh",true
3343,3398,18,19.0085,"Allen","Rollins","SandraDaniels","ben@humphrey.vn",false
3344,3399,15,10.0065,"Nelson","Schultz","SamuelBarton","mike@galloway.ie",true
3345,3400,34,16.7066,"Ben","Cain","ReginaAlexander","karen@kaplan.pt",false
3346,3401,46,10.6502,"Robert","Copeland","MiltonMassey","vincent@beatty.sl",false
3347,3402,36,18.866,"Vincent","Green","BrookeWatson","frances@jennings.pe",true
3348,3403,22,10.5377,"Clara","Stone","RobertRaynor","terry@capps.aw",true
3349,3404,47,18.1895,"Willie","MacDonald","JoanNeal","ernest@ellis.ga",true
3350,3405,47,18.2994,"Florence","Boyette","MaxineSawyer","norman@mcmahon.mz",false
3351,3406,3,11.3559,"Karen","Stevenson","FranklinReed","nancy@yates.rw",true
3352,3407,48,10.9077,"Jennifer","Donovan","AmandaFuller","sherry@mckenzie.by",true
3353,3408,33,18.3116,"Guy","Fitzpatrick","JamesBarry","neal@monroe.dj",false
3354,3409,26,18.6291,"Theresa","Miles","TommyErickson","walter@abbott.dk",false
3355,3410,17,17.9279,"Jennifer","Curry","NealKinney","luis@mckay.je",true
3356,3411,45,14.8338,"Louise","Hayes","MonicaFox","stephanie@curtis.hr",true
3357,3412,34,15.719,"Molly","Fletcher","MeganHarris","kathleen@scott.jp",true
3358,3413,47,13.4489,"Zachary","Mack","SherryThomas","alice@schroeder.lk",true
3359,3414,11,11.8141,"Caroline","Klein","EugeneDiaz","evelyn@mckenzie.de",false
3360,3415,45,11.9783,"Mary","Archer","AllenBall","stacy@rodgers.au",false
3361,3416,11,15.9468,"Tom","Blalock","AndrewPuckett","ricky@hinson.cd",true
3362,3417,45,11.2377,"Guy","Barbour","StacyStarr","virginia@pittman.gov",true
3363,3418,31,15.6357,"Brent","Rubin","FranklinUpchurch","lester@weiss.rs",true
3364,3419,44,17.6238,"Elsie","Scott","HaroldRichardson","geoffrey@rogers.do",false
3365,3420,39,19.9713,"Brett","Davenport","SandraHaynes","jacob@horne.sg",true
3366,3421,20,18.2747,"Dianne","Hensley","JosephBaker","annette@herbert.be",false
3367,3422,36,16.1872,"Leslie","Horowitz","KathyLevin","paul@brennan.de",false
3368,3423,32,14.4338,"Luis","Ross","MelaniePearson","cathy@lamb.com",true
3369,3424,18,19.1166,"Tracy","Pierce","AlvinChung","william@mccall.fm",true
3370,3425,40,13.3003,"Natalie","Rollins","JessicaMcKenna","joanne@roth.be",true
3371,3426,41,17.3863,"Debra","Wiley","MaryBlalock","luis@bradshaw.ge",true
3372,3427,5,12.9045,"Craig","Hess","TeresaPowers","chris@baxter.pe",false
3373,3428,14,12.8051,"Ted","Shaffer","JessicaHoover","don@sykes.mil",false
3374,3429,41,15.308,"Willie","Mangum","AnniePark","juan@spencer.al",true
3375,3430,43,13.5008,"Lewis","Hamilton","DianaLi","ronald@mcclure.id",true
3376,3431,7,10.7585,"Marlene","Sellers","PhilipStark","bob@harrell.bv",true
3377,3432,42,14.5501,"Francis","Alexander","LeahCraven","doris@owen.tw",false
3378,3433,30,15.2412,"Ralph","Boswell","KarenHardison","claire@reid.ae",false
3379,3434,12,12.4727,"Adam","Zhang","SherryBarry","clara@pitts.mr",true
3380,3435,33,19.668,"Luis","Haynes","LesterConnolly","stephen@beach.pn",false
3381,3436,18,16.1651,"Ben","Robertson","ChrisMassey","lee@branch.mn",true
3382,3437,30,13.3181,"Gary","Hinson","LorraineMatthews","joseph@rich.cl",false
3383,3438,41,14.4111,"Gloria","Chandler","MollyMiddleton","maria@garrison.ps",false
3384,3439,40,12.6294,"Jessica","Zhang","CalvinLindsay","ricky@walter.gd",false
3385,3440,10,17.5254,"Jim","Parsons","CatherineRao","joann@weiner.jm",false
3386,3441,23,18.5636,"Stacy","Alexander","WendyBunn","vickie@bowling.tg",false
3387,3442,32,18.1878,"Calvin","Swanson","ThelmaAyers","marlene@conway.cr",false
3388,3443,37,11.2474,"Marsha","Hawley","DennisHardin","judy@norman.il",true
3389,3444,46,10.1348,"Randy","Harris","RandallRaynor","julie@bowling.gp",true
3390,3445,4,15.9389,"Billy","Lancaster","KimLopez","beth@norton.kp",false
3391,3446,47,10.8149,"Neil","Wolf","JudyPuckett","audrey@owen.si",true
3392,3447,42,16.6658,"Heidi","Saunders","KarenBrady","lewis@li.ls",true
3393,3448,37,10.0922,"Joel","Stuart","ChristinaWaters","patrick@rowe.tl(changedfromtp)",true
3394,3449,29,13.8163,"Curtis","Ashley","LeroyMcNamara","kathy@livingston.au",true
3395,3450,49,16.0482,"Elsie","Griffin","ZacharyAdkins","martin@mcfarland.ye",false
3396,3451,18,14.312,"Priscilla","Greenberg","WesleyPearce","jennifer@garrett.sv",true
3397,3452,37,11.2034,"Donald","Bolton","SandyBarber","geraldine@barbour.tz",false
3398,3453,28,14.6515,"Patricia","Whitley","BethOlson","marc@richards.br",true
3399,3454,36,19.2421,"Martin","Blair","BradleyHayes","lester@carter.pe",true
3400,3455,38,14.721,"Emily","Terrell","ScottHicks","lester@aycock.sj",false
3401,3456,32,11.0567,"Dorothy","Choi","HelenHouston","nathan@baldwin.de",true
3402,3457,31,17.7285,"Bernard","Hamilton","EileenNorton","sherry@garcia.mg",true
3403,3458,35,17.907,"Catherine","Hanna","JeromeHess","wesley@nixon.de",true
3404,3459,10,12.8407,"George","Cooke","CarolineHale","kathy@woodard.do",false
3405,3460,27,14.7945,"Hazel","Copeland","HarveySnow","robert@rodgers.cw",true
3406,3461,13,17.566,"Joel","Garrett","CrystalGrossman","warren@cash.sh",false
3407,3462,13,10.4592,"Keith","Lucas","GuyWaters","katie@humphrey.mp",true
3408,3463,36,10.2821,"Leo","Cherry","DennisDiaz","nicholas@singleton.mc",true
3409,3464,4,12.6513,"Donald","Singleton","AmyMayo","monica@lowry.dk",true
3410,3465,37,11.8282,"Bob","Livingston","HollyFinch","ronald@coates.mp",false
3411,3466,27,11.1445,"Wade","Cain","JoanneFranklin","james@kirk.lb",true
3412,3467,10,19.7759,"Martin","Koch","JeanRich","betty@heath.ai",false
3413,3468,32,13.8072,"Gina","Erickson","ErikaHumphrey","randall@fischer.mh",true
3414,3469,38,18.6001,"Kelly","Glover","StephenMontgomery","christina@jennings.mil",false
3415,3470,10,12.3513,"Randall","Henson","MariaVick","jennifer@waters.ee",true
3416,3471,19,13.971,"Neal","Lawson","RoyBowden","kristine@law.mp",true
3417,3472,49,17.3494,"Elaine","Heller","KimBerry","juan@cassidy.cc",false
3418,3473,10,18.998,"Kristin","Terrell","AllenBlack","neal@bender.cy",false
3419,3474,16,17.1546,"Jean","Sharma","BarryJohnston","glenda@dunn.mil",false
3420,3475,46,14.003,"Wendy","Pollard","VickiScarborough","marianne@miles.so",false
3421,3476,41,10.5309,"Helen","Willis","PaigeSanchez","glenda@wolfe.sj",false
3422,3477,5,15.5895,"Toni","Rogers","MeganLivingston","kathy@dillon.sc",false
3423,3478,43,10.51,"Norman","Hester","JudyGoldstein","lauren@jones.gi",false
3424,3479,8,12.4749,"Claire","Conner","GregBaker","eric@puckett.vc",false
3425,3480,49,16.1117,"Pauline","Henson","BenLassiter","audrey@desai.gs",true
3426,3481,8,11.0156,"Kristine","Richmond","SteveForrest","kay@bowman.rs",false
3427,3482,15,13.0277,"Rita","Sims","GeneBrock","lester@mills.ma",false
3428,3483,30,13.1061,"Jonathan","Hess","TracyMcNamara","christopher@schroeder.aq",true
3429,3484,7,17.6624,"Peggy","Teague","LuisNorman","dana@roy.lv",false
3430,3485,26,14.4573,"Keith","Garrett","MarshaLivingston","beth@shelton.iq",true
3431,3486,25,16.9582,"Charlene","Nash","NealNichols","pauline@field.ar",true
3432,3487,31,11.931,"Thelma","Wolfe","LewisBranch","douglas@house.km",false
3433,3488,23,18.3597,"Maria","Watts","KathleenDougherty","tiffany@mcdonald.fr",true
3434,3489,20,11.4267,"Jim","Kelley","PennyStephens","james@sinclair.bo",true
3435,3490,38,18.9222,"Gayle","Pollard","JamieElmore","melinda@baldwin.tj",true
3436,3491,40,17.9441,"Regina","Chang","KeithHardison","alfred@elmore.ai",true
3437,3492,44,11.2194,"Alice","Gray","JacobCates","stacy@hanson.hn",false
3438,3493,35,18.5224,"Wanda","Pridgen","HazelDouglas","kenneth@stephens.de",true
3439,3494,17,19.8421,"Monica","Bowling","RuthSilverman","russell@garrett.ws",true
3440,3495,34,10.8724,"Rodney","Thompson","JaniceMullen","diana@hirsch.et",false
3441,3496,19,14.8986,"Wayne","Franklin","RandallBolton","harriet@gould.fi",false
3442,3497,3,17.8138,"Glen","McLean","ArnoldWolf","glenn@parsons.br",true
3443,3498,33,19.7095,"Jack","Walton","LeahGibbons","paige@burch.cr",false
3444,3499,40,13.8294,"Katherine","Christian","LeeCarver","henry@rodgers.lv",false
3445,3500,5,15.8977,"Marcus","Hodge","ThomasCherry","jackie@terrell.om",true
3446,3501,1,18.4991,"Elsie","Kennedy","AnnaAtkins","julie@kramer.tc",true
3447,3502,27,19.8115,"Frances","Hughes","PhyllisSinger","jerome@jernigan.gi",false
3448,3503,9,11.7389,"Shannon","Daniels","JudithMcKee","sherry@weiner.ao",false
3449,3504,27,11.0849,"Brenda","Singleton","NormanSchwartz","todd@li.pr",true
3450,3505,7,13.8497,"Neal","McKenzie","MarcusWilkerson","alison@kinney.tz",false
3451,3506,21,15.1825,"Jamie","Boyette","AudreyRubin","kyle@hendricks.gg",true
3452,3507,10,10.8718,"Neil","Garrett","RonaldMcConnell","brenda@clements.bd",true
3453,3508,26,16.3837,"Sarah","Conway","MiltonBerger","sean@hughes.kr",false
3454,3509,46,13.2012,"Veronica","Jennings","NinaMann","sara@boswell.tj",false
3455,3510,23,10.4547,"Judith","Link","HarrietMcLean","lorraine@stanton.za",false
3456,3511,1,11.0137,"Alison","Fletcher","GeneHolden","jon@freedman.ga",false
3457,3512,13,15.3211,"Neal","Chung","RickHamrick","kelly@jensen.kn",false
3458,3513,45,17.1726,"Marian","Brantley","JoanneKnight","tiffany@jennings.np",true
3459,3514,33,11.7681,"Douglas","Holmes","BonnieKatz","eric@bowling.cn",true
3460,3515,8,18.9118,"Neal","Huff","SidneySchultz","heather@sutherland.mt",true
3461,3516,43,14.2717,"Donald","Hernandez","GuyBlack","michele@hewitt.bi",false
3462,3517,43,13.7721,"Beth","Pickett","AmyHorne","troy@love.bn",false
3463,3518,13,18.8515,"Neal","Kirk","DorisWest","tonya@hicks.mm",false
3464,3519,49,18.33,"Vincent","Padgett","ChristyBolton","natalie@coates.gg",false
3465,3520,30,19.114,"Patsy","Long","BernardLindsay","mark@blackburn.sb",true
3466,3521,32,10.2303,"Joel","Joseph","StephanieReilly","lewis@lancaster.cz",false
3467,3522,32,13.7011,"Kathy","Turner","JulianLindsay","malcolm@lamb.me",true
3468,3523,46,12.5946,"Glenda","Hamrick","RodneyHobbs","michelle@puckett.bi",true
3469,3524,40,12.9266,"Kara","Hayes","NeilNelson","christina@diaz.eh",false
3470,3525,31,19.0524,"Jeff","May","SidneyCoates","jacob@conway.eg",true
3471,3526,11,16.0253,"Bruce","Fletcher","BradleyHeller","kimberly@houston.lu",true
3472,3527,41,10.3276,"Shawn","Lamb","NicholasDesai","wendy@hall.lc",true
3473,3528,45,12.5509,"Brenda","Brennan","RussellWarner","sara@reilly.zw",true
3474,3529,3,12.0724,"Dianne","Hayes","DwightWaller","timothy@davidson.hk",false
3475,3530,30,18.0358,"Joyce","Hughes","LeroyBowden","victor@case.nu",true
3476,3531,40,10.4488,"Jonathan","Abrams","JulianBray","jill@kane.gm",true
3477,3532,7,17.5656,"Tamara","West","VivianHaynes","melinda@mcneill.gl",false
3478,3533,3,19.3125,"Jose","Garrett","HazelWelch","melinda@rao.cx",true
3479,3534,37,13.0896,"Mark","Lane","EdnaSolomon","oscar@mann.sb",true
3480,3535,14,10.7079,"Jacob","Turner","MiriamLowry","anita@hardison.ro",false
3481,3536,38,18.4526,"Jerome","Weber","JeromeLawrence","hugh@carlton.fr",false
3482,3537,36,17.3394,"Patsy","Hester","JuanPitts","zachary@robertson.pk",true
3483,3538,14,17.1257,"Kent","Sanchez","TerryBurch","richard@mangum.tr",false
3484,3539,17,16.113,"Faye","Stephens","CharleneVaughan","theresa@pollard.jp",true
3485,3540,18,18.8805,"Annie","Love","WesleyBowling","milton@francis.ki",false
3486,3541,16,19.9877,"Troy","McFarland","KarlPayne","darlene@turner.do",false
3487,3542,3,14.3969,"Erika","Fuller","GladysChan","holly@lanier.ir",true
3488,3543,8,10.5721,"Geraldine","Moore","JimLyons","harriet@case.nf",false
3489,3544,17,19.699,"Carolyn","Tyler","AnnieCasey","ruth@mills.gn",true
3490,3545,20,14.3128,"Dana","Rich","AmyBowling","sara@holmes.ht",false
3491,3546,43,11.1148,"Douglas","Jernigan","LewisCarter","melanie@schwartz.ml",true
3492,3547,14,16.3465,"Jeanette","Rich","WesleyMcNeill","gayle@wall.bq",true
3493,3548,0,10.6977,"Dolores","Bunn","NatalieNolan","claire@fletcher.bt",true
3494,3549,26,15.3898,"Lynne","Stanley","BobbyDunlap","steven@mangum.pr",false
3495,3550,6,18.2468,"Harriet","Watts","ToniBowman","carl@park.ss",true
3496,3551,1,16.5768,"Charlene","Nichols","GeneHoover","lucy@horne.pa",false
3497,3552,9,13.5668,"Paige","Bowden","KellyMcKay","barbara@eason.ls",true
3498,3553,49,15.5354,"Joan","Skinner","EddieScott","jennifer@vaughn.ch",true
3499,3554,21,10.7839,"Alex","Hoover","MarcusBowman","ronnie@katz.lu",false
3500,3555,26,12.5674,"Danielle","Jones","MarvinVaughn","rachel@bowman.ne",true
3501,3556,1,15.794,"Jerome","Hobbs","ClaudeMcLeod","hannah@moore.mq",false
3502,3557,27,17.616,"Annie","McKenzie","BrianSpencer","mary@norman.to",true
3503,3558,33,16.4432,"Brett","Stephens","MarciaSherrill","glen@franklin.sl",true
3504,3559,10,11.8213,"Marguerite","Barber","SarahWelch","troy@weiner.hr",true
3505,3560,18,12.7356,"Joel","Rose","LauraGordon","priscilla@weeks.gl",true
3506,3561,6,14.2815,"Gretchen","Cooper","AshleyCarlton","kristin@hines.sb",false
3507,3562,43,12.7376,"Scott","Hodge","TommyMcLean","gretchen@welch.si",true
3508,3563,9,11.6884,"Leroy","Hawkins","NancyLutz","constance@rich.ro",false
3509,3564,47,18.5382,"Harry","Coleman","BrianO","kim@zhang.ga",true
3510,3565,25,18.1576,"Audrey","Singleton","TracyCox","allan@pridgen.tl(changedfromtp)",true
3511,3566,15,14.5021,"Deborah","Brandt","MarcusByrne","wesley@lucas.gt",true
3512,3567,13,18.1362,"Jean","Olson","GloriaSharpe","peter@lancaster.cv",false
3513,3568,14,16.0109,"Vincent","Chan","AngelaWang","kristine@jennings.pg",false
3514,3569,31,16.5493,"Richard","Ballard","LewisJennings","randy@murphy.gi",true
3515,3570,48,18.7898,"Dianne","Callahan","TamaraMatthews","bobby@bailey.ug",true
3516,3571,14,19.2334,"Catherine","Hamrick","NatalieChung","neal@francis.tv",false
3517,3572,39,15.9998,"Peter","Ross","EvelynMoore","gladys@kaplan.nz",false
3518,3573,29,12.1662,"Edna","Crabtree","JenniferCates","martin@weiner.mv",true
3519,3574,47,14.7058,"Christine","Underwood","ReginaBrantley","kelly@olson.ai",true
3520,3575,27,16.8823,"Miriam","Tilley","TheodoreConway","lewis@sumner.lv",false
3521,3576,5,13.233,"Maria","Henson","KristenLowry","guy@horowitz.nu",true
3522,3577,41,13.6957,"Eileen","Goldman","CourtneyNewton","dolores@mccall.mn",false
3523,3578,30,16.109,"Toni","Curry","TomByers","tina@wang.py",true
3524,3579,37,12.8613,"Kristen","Li","MaryVaughn","patrick@wolf.hk",true
3525,3580,10,10.1514,"Sara","Hughes","SamanthaHernandez","beth@fisher.pe",false
3526,3581,36,15.2005,"Greg","Stanley","CarlHines","hannah@goldman.tj",true
3527,3582,0,16.2275,"Jenny","Freeman","PaigeFitzpatrick","stacy@callahan.sk",false
3528,3583,16,19.5348,"Florence","Gordon","CraigLam","carol@case.id",true
3529,3584,1,17.5537,"Cathy","Lucas","PatrickMcNamara","vincent@kaplan.az",false
3530,3585,36,11.9171,"Joel","Clements","NealLowry","ashley@underwood.aq",false
3531,3586,37,14.3108,"Jay","Zhang","JenniferAldridge","ricky@boykin.ve",true
3532,3587,34,17.7673,"Stacey","Nguyen","RandallChen","ronnie@glover.va",true
3533,3588,13,16.6999,"Bradley","Powers","SaraWest","barry@nguyen.sv",false
3534,3589,4,11.0677,"Tammy","Berry","DianneMcFarland","nicole@harvey.il",true
3535,3590,32,13.9142,"Russell","Goldman","HarryBowling","maria@holloway.to",true
3536,3591,33,11.9945,"Kim","Glover","JoseGallagher","maureen@alexander.ao",true
3537,3592,48,17.5524,"Christine","Holmes","AllenBowman","hazel@hoover.iq",false
3538,3593,33,10.3065,"Holly","Starr","DorothyCarey","dorothy@heath.cy",false
3539,3594,48,16.2842,"Jeanette","Willis","JessicaLittle","annie@wu.cd",true
3540,3595,16,14.8079,"Doris","Bowers","SandyHenry","william@desai.ec",false
3541,3596,9,18.6808,"Sidney","Carver","RoseWeeks","christine@fisher.ng",true
3542,3597,13,18.2278,"Kristine","Hawkins","RachelSolomon","mary@sellers.gi",true
3543,3598,29,13.6068,"Nathan","Durham","BettyWagner","gladys@whitaker.bb",true
3544,3599,34,14.0267,"Cynthia","Singleton","TamaraMcConnell","lynn@abbott.la",true
3545,3600,11,16.876,"Ann","Pappas","AshleyField","carrie@herbert.bo",false
3546,3601,21,14.7129,"Stacey","Fleming","DannyHaynes","jeff@moser.ps",false
3547,3602,44,17.1655,"Crystal","Middleton","EileenHill","mary@barefoot.ng",false
3548,3603,21,12.5297,"Roger","Cassidy","LouisBolton","gladys@anthony.pe",false
3549,3604,30,11.0461,"Carrie","Parsons","MariaGoldman","norman@russell.hm",true
3550,3605,16,19.2431,"Christine","Crane","NinaLivingston","sandra@weber.az",false
3551,3606,3,11.1142,"Thelma","McLean","KathyFranklin","lewis@parrott.lr",true
3552,3607,35,19.3281,"Robert","Diaz","ChristinaSaunders","marshall@hendrix.fj",true
3553,3608,11,14.1667,"Ben","McMahon","ReneeBranch","jill@braun.mw",false
3554,3609,45,15.1394,"Tracy","Fletcher","HenryWu","george@henson.gh",false
3555,3610,34,10.6398,"Neal","Koch","MelindaChu","henry@archer.tn",false
3556,3611,49,17.3059,"Kyle","Richards","SherriHarvey","dan@mangum.pf",false
3557,3612,38,14.2138,"Gladys","Pittman","LauraPaul","carl@branch.cw",false
3558,3613,1,13.0415,"Neal","Lucas","NathanScott","franklin@sawyer.ma",true
3559,3614,19,16.5693,"Arlene","Ritchie","JoanPuckett","luis@denton.ug",false
3560,3615,39,16.4686,"Janice","Harris","JulianKay","danielle@lehman.va",true
3561,3616,20,12.8773,"Teresa","Cannon","TeresaBowles","gladys@burch.be",true
3562,3617,3,18.9535,"Marc","Langston","JulieMiddleton","charlene@mccall.cf",false
3563,3618,17,15.8943,"Hannah","Carter","JoseBrady","ted@woodward.zm",true
3564,3619,20,13.6711,"Jim","Branch","PennyHarrell","arnold@barry.cn",false
3565,3620,12,10.3468,"Annette","Puckett","ClaireWeiss","ricky@bowling.tr",true
3566,3621,5,14.0005,"Hannah","MacDonald","GinaStevens","brian@buckley.ke",false
3567,3622,32,17.3741,"Gayle","Daly","WesleyNixon","elisabeth@wiley.mu",false
3568,3623,20,15.2865,"Beth","Harrington","CarolynHicks","sandra@olson.tj",false
3569,3624,7,10.1443,"Gayle","Carroll","AnnaGarrison","patsy@clements.al",true
3570,3625,3,19.2452,"Diana","Creech","MeganCook","guy@waters.bb",true
3571,3626,41,15.0097,"Calvin","Watts","AnnScarborough","florence@steele.tf",true
3572,3627,33,14.5868,"Shannon","Ballard","MaureenBeatty","cynthia@miles.ge",true
3573,3628,27,13.0053,"Courtney","Miles","SherriSingh","marion@singer.na",false
3574,3629,27,18.9408,"Ronnie","Fischer","MariaWallace","melinda@stark.sa",true
3575,3630,5,17.509,"Katherine","Wall","MauriceCraig","priscilla@walters.in",true
3576,3631,48,15.4277,"Marion","Copeland","JudithNichols","marcia@goldman.cy",true
3577,3632,14,15.1886,"Bobby","Desai","ConstanceCannon","charlene@chandler.ai",false
3578,3633,43,13.9736,"Alice","Woods","LorraineSinclair","joe@hinson.bo",true
3579,3634,49,18.1068,"Stanley","Watts","JillWatts","lee@chu.mz",false
3580,3635,38,15.0459,"Vincent","Lang","MarianStuart","wade@thompson.pr",false
3581,3636,1,11.4334,"Jonathan","Hunt","DonnaChandler","bonnie@reid.fi",false
3582,3637,5,11.3731,"Nina","Pugh","CalvinSavage","donald@lam.ie",true
3583,3638,14,12.1682,"Edwin","Huffman","MarshallWoods","eddie@hendricks.ee",true
3584,3639,15,19.5086,"Lloyd","Singleton","AlisonBarbour","laura@hutchinson.fr",true
3585,3640,6,17.8088,"Randy","Freeman","VivianWaller","lois@bowling.tn",true
3586,3641,46,19.9297,"Gilbert","Strickland","KatieBurton","jennifer@floyd.mm",true
3587,3642,31,14.497,"Dana","Newton","BillyCarter","oscar@nichols.tf",false
3588,3643,17,18.3319,"Miriam","Franklin","JaySykes","ricky@cates.vc",true
3589,3644,47,13.6119,"Eleanor","McKenzie","ChristinaMorse","holly@mccall.tl(changedfromtp)",false
3590,3645,17,14.4815,"Martha","Fox","SethJennings","alfred@gray.vn",true
3591,3646,22,12.1779,"Nathan","Walters","BethFriedman","vicki@griffin.cv",true
3592,3647,38,13.4069,"Marguerite","Hill","ElisabethMcKenna","veronica@brantley.ss",true
3593,3648,43,16.648,"Leigh","Cox","FayeMurphy","guy@fletcher.gn",true
3594,3649,12,13.6396,"Richard","Bolton","MarianneLevine","joann@warner.vu",false
3595,3650,12,19.9077,"Lynne","Waters","NealWolf","paige@barton.nf",false
3596,3651,38,16.3289,"Hazel","Miles","ShirleyClapp","lillian@oakley.pe",true
3597,3652,19,12.6095,"Joe","Case","HannahLyons","elaine@sanchez.ai",true
3598,3653,14,13.5359,"Elaine","Shelton","TracyRubin","glenda@kramer.jo",true
3599,3654,4,12.5058,"Edgar","Hawley","FrederickKlein","annie@fox.tw",false
3600,3655,32,14.7791,"Kristine","Warner","WesleyMelton","chris@watts.md",true
3601,3656,47,19.6745,"Gloria","Fletcher","GeneChan","catherine@eason.vu",true
3602,3657,41,18.0276,"Alfred","Turner","TracyPadgett","lee@vick.ax",true
3603,3658,16,17.2797,"Christina","Denton","HarryBrock","gene@sherrill.ke",false
3604,3659,36,14.8374,"Heather","Stevenson","JenniferKoch","molly@manning.cu",false
3605,3660,0,14.8563,"Brenda","Griffin","WendyDaniel","charlotte@brady.bd",true
3606,3661,44,11.2661,"Leroy","Jernigan","AlvinNixon","dianne@leach.th",false
3607,3662,49,18.4101,"Robert","West","GlenPoole","karen@knight.dk",true
3608,3663,9,16.6474,"Erin","Tilley","SamanthaHendricks","courtney@simmons.sr",true
3609,3664,9,16.8439,"Jack","Hawley","AnnieCarroll","barry@henson.ua",false
3610,3665,17,14.6177,"Scott","Aldridge","WesleyMatthews","eric@holloway.ms",false
3611,3666,25,19.0871,"Susan","Aldridge","JeanetteChu","toni@spencer.zm",true
3612,3667,37,17.262,"Marilyn","Waters","NelsonHenderson","hannah@hoover.np",false
3613,3668,0,19.6997,"Joel","Stone","MeganMcKinney","ben@wu.nu",false
3614,3669,18,19.8631,"Elsie","Garrett","NicholasKoch","heidi@fleming.cc",false
3615,3670,27,13.1612,"Marcia","McLean","KenMiles","russell@durham.ie",true
3616,3671,4,11.9935,"Philip","Blackburn","CathyChung","hannah@sims.sc",false
3617,3672,32,17.1803,"Susan","Cash","SuzanneBlack","calvin@heller.na",false
3618,3673,48,18.4006,"Roberta","Franklin","SherryClarke","herbert@graves.ws",true
3619,3674,3,17.4612,"Joann","Hardison","KyleHensley","mary@lyons.pg",true
3620,3675,41,15.4026,"Ricky","Sellers","EileenStephens","arlene@dolan.bv",false
3621,3676,2,15.0387,"Dean","Brandt","GeneHirsch","allen@macdonald.nu",false
3622,3677,38,19.232,"Kelly","Payne","EmilyGrant","gladys@crews.eh",true
3623,3678,17,12.1801,"Maria","Harmon","KevinWoods","charlene@anthony.bz",false
3624,3679,36,19.9496,"Steve","Brady","LeonWeber","roger@clapp.at",true
3625,3680,7,14.63,"Eddie","Fox","StacyFoster","jennifer@barrett.ch",true
3626,3681,19,19.4566,"Emily","Sellers","SarahHensley","glenda@norman.nf",true
3627,3682,4,15.0527,"Brian","Golden","BethChang","lawrence@norman.ss",true
3628,3683,31,13.7507,"Neil","Barton","CliffordMorgan","jenny@beatty.kw",true
3629,3684,45,15.805,"Terry","Melton","EmilyButler","melinda@chu.ee",false
3630,3685,49,19.146,"Lawrence","Glover","StaceyJoseph","harriet@parsons.im",true
3631,3686,47,15.5162,"Nicholas","Henderson","BradleyMack","charlene@schultz.ge",false
3632,3687,38,18.4541,"Joseph","Mitchell","JackOwens","sidney@hawley.aq",true
3633,3688,4,15.6544,"Eugene","Rollins","JordanRich","betty@dunn.gm",false
3634,3689,37,12.8803,"Bobby","Raynor","JacobUnderwood","jeff@monroe.cd",true
3635,3690,2,13.0055,"Jenny","Kern","CarlosHardy","nelson@gunter.vu",true
3636,3691,26,19.4308,"Ralph","Cline","GraceBarber","charlotte@chandler.re",true
3637,3692,28,14.4745,"Billie","Tyson","WendyCrabtree","herbert@dunn.mc",false
3638,3693,40,13.0033,"Stephen","Katz","JaniceWoodard","ben@fuller.pa",true
3639,3694,30,17.9568,"Jennifer","McNeill","StaceyMcNamara","priscilla@simmons.tk",true
3640,3695,31,18.5285,"Samantha","Frederick","JamesSchroeder","neal@pittman.sh",false
3641,3696,49,17.6648,"Donna","Hardy","EleanorBrandt","philip@li.pg",false
3642,3697,27,11.2643,"Kurt","Hendricks","TaraFrench","joanne@cain.ua",true
3643,3698,45,13.6375,"Thelma","Garcia","ReneePitts","bruce@stark.as",false
3644,3699,37,19.7708,"Chris","Sinclair","KellyBlackwell","shelley@neal.rw",true
3645,3700,11,14.8715,"Jeff","Bolton","ElsieBenton","beth@warner.to",true
3646,3701,4,19.9934,"Rose","Huffman","ElaineFloyd","doris@archer.bn",true
3647,3702,5,15.7992,"Sheryl","Love","BernardLassiter","kristine@brown.ec",true
3648,3703,12,12.8685,"Joan","Harris","TaraMacDonald","marion@skinner.cd",true
3649,3704,30,17.2012,"Gretchen","Olson","DennisPitts","emily@whitley.ec",true
3650,3705,23,16.7298,"Harvey","Pickett","JoeColeman","cathy@cates.vg",true
3651,3706,41,19.1573,"Nathan","Nichols","ClaudeBlackburn","seth@steele.bi",false
3652,3707,26,11.1202,"Joseph","Franklin","ShirleyMcFarland","jean@bowles.pn",true
3653,3708,11,17.3909,"Priscilla","Ellis","EvelynFrench","ashley@hayes.gh",false
3654,3709,34,18.9746,"Vivian","Pritchard","NormanBurch","william@fernandez.ci",false
3655,3710,45,19.2046,"Wallace","Reid","AndrewWhitley","suzanne@cain.gm",true
3656,3711,24,11.3981,"Rhonda","Anthony","AshleyVaughn","renee@waller.tz",false
3657,3712,25,17.9768,"Marc","McKay","PatrickMayer","shelley@mcnamara.me",true
3658,3713,23,16.8315,"William","Roach","DennisBlackwell","malcolm@gibbons.cc",true
3659,3714,35,11.9511,"Claire","Houston","HelenOdom","hazel@rosenthal.lt",true
3660,3715,30,11.2916,"Alex","Hutchinson","JudithGraves","gloria@mckay.re",true
3661,3716,0,19.7167,"Sidney","Barr","MarionLamb","jessica@chandler.pr",false
3662,3717,35,18.1699,"Martin","Barrett","JeanneAldridge","dean@norton.kr",true
3663,3718,0,14.092,"Marion","Diaz","JeanCox","theodore@tilley.be",false
3664,3719,40,12.9842,"Jacob","Newton","JimmyRichards","eileen@bowling.th",false
3665,3720,9,12.0197,"Herbert","Chandler","FranklinStephens","helen@mcallister.wf",false
3666,3721,17,10.3515,"George","Barbour","GayleMcKay","claire@russell.va",false
3667,3722,1,12.5441,"Wendy","Lindsay","DeniseReed","ronnie@barefoot.cc",false
3668,3723,5,12.141,"Melanie","Nash","TinaBolton","christopher@sutton.nl",false
3669,3724,23,10.4942,"Vicki","Proctor","AnnieRich","edgar@padgett.by",false
3670,3725,34,12.9512,"Gary","Boyette","GeneGlover","renee@davidson.td",false
3671,3726,19,14.8998,"Bradley","Stephens","GailHardison","wendy@harris.na",false
3672,3727,15,11.7208,"Claire","Gray","BonnieSpivey","gretchen@watson.kn",false
3673,3728,28,17.935,"Regina","Cox","BenjaminBranch","brent@choi.mn",false
3674,3729,42,17.5968,"Elaine","Raynor","ThelmaFreedman","diana@mann.uy",true
3675,3730,5,14.9139,"Holly","Stevens","ChristopherLang","jack@hamrick.tv",true
3676,3731,10,15.5585,"Nicholas","Teague","WillieWiggins","sheryl@harrell.sl",false
3677,3732,12,15.532,"Alex","Hayes","TinaCox","wanda@sinclair.mn",false
3678,3733,35,19.4716,"Franklin","Pate","AlexKern","rodney@gold.dj",true
3679,3734,11,14.0882,"Melinda","Riley","CarolineGray","katherine@pope.iq",true
3680,3735,41,14.7861,"Kara","Beatty","BobWall","geraldine@spivey.aw",true
3681,3736,36,12.7953,"Henry","Garcia","TommyChandler","sarah@middleton.gt",true
3682,3737,42,11.7923,"Gail","Benton","CathyEllis","gary@o.cm",false
3683,3738,33,18.084,"Constance","Lucas","PennyNewton","clyde@holmes.md",true
3684,3739,40,12.0922,"Christina","Haynes","CherylHamrick","angela@hewitt.ht",true
3685,3740,44,11.7434,"Jean","Carlton","PaigeGold","sherri@barton.sy",true
3686,3741,10,10.3268,"Patricia","Boyette","FranklinWiley","katharine@sumner.je",false
3687,3742,41,17.6808,"Lynne","Rogers","TheodoreWatts","zachary@rubin.rs",false
3688,3743,29,13.2973,"Wesley","Marks","VeronicaBritt","jose@neal.ps",true
3689,3744,7,10.341,"Milton","Harvey","LisaRowland","allen@richmond.lt",true
3690,3745,33,15.5028,"Lori","McMillan","ZacharyMatthews","annie@beatty.ga",true
3691,3746,36,14.3759,"Michele","Song","GlenRich","glenn@stuart.vu",true
3692,3747,38,16.8438,"Jimmy","Gibson","JordanShaffer","luis@walsh.vn",true
3693,3748,20,19.7349,"Melanie","Parsons","HazelAbbott","barry@sawyer.tf",false
3694,3749,10,12.8046,"Sharon","Martin","GilbertBurton","ryan@walter.pf",true
3695,3750,43,17.4094,"Molly","Hoyle","DanielleCreech","roberta@monroe.ws",true
3696,3751,19,13.2993,"Alvin","Mangum","ChrisGrimes","christy@harris.np",false
3697,3752,22,13.4719,"Allan","Nash","VickieHolden","lester@levin.sx",false
3698,3753,36,14.2935,"Jordan","Case","ClaraHeath","tommy@harmon.bt",false
3699,3754,14,10.163,"Pauline","Herbert","BruceBaldwin","toni@watts.pr",true
3700,3755,8,19.065,"Sandra","Sanchez","TimRowe","wanda@sullivan.tv",true
3701,3756,40,18.5967,"Lester","Puckett","LesterHenderson","betsy@sims.gp",false
3702,3757,35,13.2052,"Floyd","Bender","StevePark","russell@caldwell.th",true
3703,3758,21,15.0368,"Charlene","Boswell","MarvinWatts","leigh@fischer.mq",false
3704,3759,35,13.7801,"Kristin","Hall","JeanneWalton","renee@coleman.ls",false
3705,3760,40,19.9842,"Douglas","Berry","TeresaBolton","helen@pittman.td",false
3706,3761,22,17.611,"Ted","Eason","VickiDavidson","helen@wall.mo",false
3707,3762,15,11.7575,"Angela","Schultz","JudyCline","paula@hawley.nf",true
3708,3763,47,15.7172,"Monica","Hirsch","CaroleWatts","donna@mcfarland.dj",true
3709,3764,35,16.9657,"Joanne","Willis","LesterBenton","mark@finch.org",false
3710,3765,42,16.0368,"Jose","Hawley","BrettGarrison","steven@mcpherson.tz",true
3711,3766,49,14.9858,"Teresa","Morgan","SherriHale","annie@guthrie.ec",false
3712,3767,22,16.0714,"Melissa","Scarborough","JudithRice","jerome@parks.um",false
3713,3768,19,11.6208,"Stacy","Holland","ClaireStuart","johnny@barefoot.lu",false
3714,3769,31,17.4763,"Calvin","Clapp","JeanneNash","anna@vaughn.ax",false
3715,3770,31,14.2201,"Norman","Nance","LloydBowers","christopher@wiggins.bh",true
3716,3771,13,11.3099,"Tonya","Dickerson","JeffGreenberg","ashley@simmons.md",true
3717,3772,43,14.6499,"Joseph","Stone","RaymondSharp","kimberly@kay.fi",false
3718,3773,34,13.6557,"Constance","Pearce","VivianLawson","glenda@pickett.cu",false
3719,3774,17,17.1915,"Nicholas","Benton","CherylJennings","glen@kenney.lk",true
3720,3775,30,17.6775,"Herbert","Fitzpatrick","CynthiaDiaz","glenda@rich.de",false
3721,3776,45,19.5173,"Randy","Spencer","JoyceChoi","brian@lassiter.am",false
3722,3777,46,19.4753,"Florence","Raynor","GuyGlass","robert@goldman.cu",true
3723,3778,15,10.3799,"Gretchen","Weiner","KatherineBarton","yvonne@freedman.iq",false
3724,3779,38,16.549,"Megan","Schultz","PaigeHendrix","nina@heath.gq",false
3725,3780,4,15.5919,"Alvin","Stanley","ClaireMcMillan","george@cherry.tl(changedfromtp)",true
3726,3781,35,15.7116,"Dwight","Whitley","EthelHawkins","jack@tyler.vu",false
3727,3782,30,15.8292,"Alan","Buckley","DianaGlover","natalie@beatty.bo",false
3728,3783,31,19.7758,"Jackie","Green","CalvinMonroe","neal@rogers.gi",true
3729,3784,0,12.1073,"Jordan","Bender","JeremyWelch","glenda@monroe.ax",true
3730,3785,18,15.633,"Thelma","Friedman","SarahLopez","edgar@pearson.uy",false
3731,3786,37,16.8111,"Renee","Garrison","GinaO","allison@leach.eh",false
3732,3787,21,15.2154,"Gina","Nichols","MiriamNolan","lois@britt.by",true
3733,3788,43,14.6142,"Ben","Song","KimPowers","barry@reed.ad",false
3734,3789,37,12.0174,"Sue","Law","ValerieGunter","karen@mcintosh.vc",false
3735,3790,1,19.2486,"Monica","Hill","SteveNixon","jeanette@gibson.nf",false
3736,3791,43,14.701,"Sandy","Pickett","JeffSellers","mark@hendrix.gl",false
3737,3792,36,19.2275,"Brett","Lam","BrettEason","claire@norman.tw",true
3738,3793,19,11.296,"Ann","Burgess","JessicaAllen","martin@roy.mp",false
3739,3794,13,14.0007,"Tommy","Jennings","EvelynCrane","rodney@dunn.gt",false
3740,3795,41,15.7741,"Lois","Holmes","ChristinaSharpe","debra@barber.cf",false
3741,3796,32,11.9585,"Phyllis","Briggs","JessicaJordan","tracy@mcknight.bd",false
3742,3797,46,12.9743,"Gene","Walters","DorothySteele","calvin@link.my",false
3743,3798,31,15.7567,"Darlene","Stanton","JenniferLam","danielle@beatty.cc",true
3744,3799,48,14.8371,"Warren","Parsons","AnnieBarton","clifford@warren.my",false
3745,3800,45,10.0011,"Bernard","Walton","CarolynRich","eva@pittman.td",false
3746,3801,31,17.0829,"Shirley","Barbour","SherylColey","connie@sumner.bt",false
3747,3802,39,10.4794,"Margaret","Beatty","FlorenceBlalock","jordan@brantley.tl(changedfromtp)",false
3748,3803,23,11.5552,"Vivian","Finch","BarryNewton","barbara@o.jp",false
3749,3804,18,17.3061,"Toni","Vaughn","ChristinaStanley","peter@wagner.my",true
3750,3805,13,14.4708,"Jordan","Glover","JaniceGalloway","lee@olson.cf",false
3751,3806,24,12.0011,"Mike","Warren","LuisStarr","lois@rubin.tw",false
3752,3807,43,17.7388,"Holly","Reed","TiffanyJoseph","lester@herbert.ws",false
3753,3808,26,15.1286,"Calvin","Love","RandallFox","bob@eason.fm",false
3754,3809,3,14.2098,"Bill","Hoover","JordanHeath","alfred@christensen.sh",false
3755,3810,35,16.3209,"Christina","Graham","MarshaMangum","katie@kelly.ky",true
3756,3811,46,16.6749,"Karen","McKee","TheodoreWatts","brandon@fink.tk",false
3757,3812,43,16.8317,"Peggy","Ritchie","StevenCase","joan@griffin.tr",true
3758,3813,3,17.2117,"William","Woods","NealGordon","leigh@york.tv",true
3759,3814,12,18.908,"Christopher","Sutton","KimberlyFox","tony@middleton.mr",false
3760,3815,6,12.0882,"Ann","Woods","JudyBarrett","allison@barbour.cy",true
3761,3816,13,12.2395,"Florence","Green","DeborahHenderson","kristen@warren.tc",false
3762,3817,39,16.4123,"Malcolm","Fink","CharleneCaldwell","oscar@rollins.ie",false
3763,3818,25,12.249,"Wendy","Gallagher","ErnestSutton","jonathan@coble.nr",true
3764,3819,48,16.9183,"Bobby","Bowman","VanessaWhitehead","glenda@hester.gi",true
3765,3820,1,13.1728,"Carolyn","Alexander","GretchenHartman","tracey@cochran.gs",false
3766,3821,13,18.0225,"Luis","Roth","BethDunlap","megan@barton.th",true
3767,3822,2,12.8137,"Bernard","Tilley","OscarHolmes","jose@stark.st",false
3768,3823,33,19.8645,"Becky","Lang","KatherineParsons","lynda@dickson.kp",true
3769,3824,1,11.6435,"Karen","Heath","JacobMcCall","anita@bowers.tt",true
3770,3825,45,16.7317,"Albert","Gibbons","NealKang","allison@miles.ly",false
3771,3826,15,19.4895,"Christina","Bender","JuliaFletcher","kathy@olson.tl(changedfromtp)",false
3772,3827,36,17.0912,"Karen","Black","MelindaLawrence","karen@li.tj",false
3773,3828,7,13.5063,"Leroy","Brantley","LucilleTyson","glenda@mann.rs",true
3774,3829,20,10.8105,"Tracy","Braswell","JacobPetersen","robert@chen.li",false
3775,3830,36,11.7329,"Anne","Walton","RogerWu","walter@caldwell.la",true
3776,3831,47,18.6879,"Steve","Brantley","JuliaWang","lucille@bowers.td",true
3777,3832,27,17.6221,"Theresa","Glover","TedSawyer","jan@archer.se",true
3778,3833,38,17.6682,"Bernard","Sharpe","AlanLove","jason@middleton.ar",true
3779,3834,29,15.0115,"Jim","York","DawnMcKinney","greg@mcintyre.uz",true
3780,3835,18,19.167,"Caroline","Baker","PeterBoswell","brian@coley.sd",false
3781,3836,7,11.1586,"Ricky","Coley","FranklinRoach","luis@haynes.pg",false
3782,3837,46,11.5781,"Janice","Sharpe","JonathanHess","gene@koch.st",false
3783,3838,1,13.25,"Stephen","Ritchie","MartinSutton","martin@stevenson.ba",true
3784,3839,4,18.9346,"Jacob","Rogers","GeraldineLindsay","clifford@robinson.se",true
3785,3840,42,17.1417,"Clyde","Arthur","BarryChan","juan@coley.ag",true
3786,3841,40,13.2124,"Alfred","Goldman","BenBurch","keith@currie.ar",false
3787,3842,24,11.5384,"Jerome","Klein","ScottCrawford","ruth@sinclair.be",true
3788,3843,14,18.5261,"Dana","Knight","GeorgeO","karen@rose.om",false
3789,3844,3,18.9581,"Katherine","Johnson","CliffordZimmerman","penny@eason.er",true
3790,3845,6,12.5201,"Natalie","Carroll","KurtPearson","tracey@bray.sk",true
3791,3846,10,19.2351,"Leah","Cash","PennyHarris","eugene@mangum.im",true
3792,3847,37,14.3316,"Mary","Farrell","KatharineHaynes","michelle@nichols.ke",true
3793,3848,39,11.8625,"Lillian","May","GretchenNorman","nicholas@park.ga",true
3794,3849,0,15.1449,"Jennifer","McCarthy","FrancesNichols","melanie@joseph.am",false
3795,3850,18,19.5654,"Justin","Holland","LynneEnglish","sue@underwood.mz",false
3796,3851,10,17.433,"Steven","Blackburn","KimSumner","wade@lam.gp",true
3797,3852,11,18.663,"Tiffany","Park","GeraldineMcKenna","veronica@sharpe.ps",false
3798,3853,29,18.4929,"Louise","Carver","ReneeMcNamara","paige@roy.pf",false
3799,3854,8,11.7812,"Marshall","Knight","TedJohnston","curtis@albright.edu",false
3800,3855,39,19.8459,"Tim","Starr","BrookeDunn","judy@copeland.ga",true
3801,3856,16,10.0546,"Allan","Anderson","SuzanneHunt","ben@kay.ms",true
3802,3857,14,10.4968,"Franklin","McCall","NathanMcDonald","neal@ford.tw",true
3803,3858,44,13.8108,"Diana","Solomon","EdwinRitchie","hugh@gibson.ru",true
3804,3859,48,18.9535,"Danny","Garcia","TommyLevine","megan@fernandez.kg",true
3805,3860,38,13.8254,"Geraldine","Solomon","FrancesNance","lynne@durham.ar",true
3806,3861,26,11.5381,"Marilyn","Woodward","PaulHawley","priscilla@pugh.gov",false
3807,3862,21,12.2968,"Eileen","Nguyen","CharlesPritchard","lewis@stanton.ie",false
3808,3863,11,18.1913,"Nina","Starr","KathleenHester","milton@coates.do",false
3809,3864,39,18.9082,"Malcolm","Honeycutt","ChristineRollins","hannah@mccall.pr",false
3810,3865,16,17.7148,"Stephen","Schwartz","CarlFinch","stacy@sutton.tz",false
3811,3866,26,18.1868,"Randall","Moss","GuyNguyen","megan@caldwell.ss",false
3812,"index_start_at":3867,3,16.4586,"Audrey","Daniel","KennethDuke","theodore@bowden.gg",true
3813,3868,5,17.1677,"Ralph","Jiang","JacobWolf","amy@james.ma",true
3814,3869,13,12.9992,"Lloyd","Weber","JoelDickinson","christy@bowman.gm",true
3815,3870,16,17.495,"Sidney","Johnston","BenjaminBarbour","leah@sawyer.pn",true
3816,3871,42,12.3812,"Dana","Lowe","LynneFriedman","sherri@benton.tg",false
3817,3872,30,17.0469,"Alison","Baker","LuisEaton","gene@zimmerman.ba",true
3818,3873,35,17.0479,"Lee","Harris","VincentSwanson","ralph@drake.sl",false
3819,3874,4,19.8676,"Jordan","Chang","LesterNichols","hazel@scarborough.tw",true
3820,3875,4,14.5904,"Maurice","Adkins","BarryHendrix","calvin@bailey.cu",false
3821,3876,14,15.735,"Lee","Bailey","GuyGill","ken@cox.gq",false
3822,3877,4,19.8532,"Toni","MacDonald","RickHayes","gayle@love.br",true
3823,3878,37,15.0616,"Allison","O","StephenByrne","kathy@gibson.ni",false
3824,3879,18,16.8916,"Colleen","Godfrey","JennyNash","alison@reilly.ph",false
3825,3880,34,16.2025,"Tommy","Freeman","ValerieFrazier","emily@briggs.be",false
3826,3881,37,18.5906,"Lois","Buckley","CurtisBarry","vivian@weiner.gov",true
3827,3882,16,10.5336,"Priscilla","Lam","GretchenPoole","vickie@hicks.mf",false
3828,3883,28,14.5893,"Ashley","Carroll","MiriamKnowles","leo@mcfarland.ph",false
3829,3884,40,13.2626,"Tracy","Hines","NealVaughn","gene@mccarthy.ms",false
3830,3885,18,11.8002,"Jimmy","Dyer","TonyaGross","alfred@poole.ne",false
3831,3886,39,17.2334,"Marshall","McAllister","VincentReilly","brandon@houston.to",true
3832,3887,1,18.5675,"Theresa","Bolton","FranklinRussell","jason@moore.hu",false
3833,3888,20,15.7834,"Kent","Haynes","EugeneMack","julia@chandler.kg",false
3834,3889,21,17.3639,"Nelson","Ayers","DonStevenson","ethel@brantley.gn",true
3835,3890,25,19.9927,"Cynthia","Barton","RandyMiddleton","zachary@johnson.hr",true
3836,3891,2,13.8667,"Dianne","Johnston","TinaBerry","douglas@farmer.lc",false
3837,3892,15,18.5701,"Lorraine","Phillips","KristineScott","sarah@mcclure.ee",false
3838,3893,1,14.7509,"Max","Gilbert","BillieGraham","martha@ellis.mp",false
3839,3894,33,12.0284,"Jackie","Rollins","EmmaDenton","arthur@wallace.np",false
3840,3895,2,15.7476,"Mark","Monroe","MarianFrederick","melinda@walters.gy",false
3841,3896,35,11.3147,"Betsy","McMahon","StacyNixon","louis@hayes.in",false
3842,3897,37,17.5729,"Nina","Lynn","GeraldineEason","jason@bender.us",true
3843,3898,44,19.6302,"Ricky","Schultz","GretchenBallard","kim@sullivan.ml",true
3844,3899,34,10.4499,"Geoffrey","Summers","GeraldineHaynes","diana@wall.com",false
3845,3900,47,14.6515,"Gail","Norman","MitchellO","holly@kramer.fo",false
3846,3901,20,18.2973,"Nancy","Hobbs","HollyHensley","denise@rice.by",false
3847,3902,30,14.2196,"Paige","Hanna","MonicaSherrill","gretchen@godwin.se",false
3848,3903,31,13.1809,"Betsy","Mayer","KenBlackwell","vivian@garrett.mp",true
3849,3904,36,12.44,"Neil","Raynor","JackieGreenberg","kyle@franklin.co",true
3850,3905,36,16.7319,"Brooke","Hawkins","BrendaHamilton","sidney@franklin.ck",true
3851,3906,13,13.7587,"Marshall","Becker","DonnaDolan","maria@davidson.th",true
3852,3907,45,15.6481,"Jose","Glover","RobinAdcock","gina@rich.lk",false
3853,3908,18,11.4369,"Mike","Dyer","DouglasLam","leo@bray.es",false
3854,3909,27,14.5285,"Ashley","Boyette","RhondaGraves","courtney@wolf.az",false
3855,3910,3,11.7473,"Scott","Murphy","DorisPearce","paige@garcia.th",true
3856,3911,3,17.2844,"Melinda","Hess","JoanneUpchurch","eddie@coates.it",false
3857,3912,23,16.7869,"Vincent","Godwin","SteveBerger","vivian@law.mq",false
3858,3913,17,11.5965,"Dana","Smith","ClaireStarr","scott@sumner.sg",true
3859,3914,23,18.1283,"Christina","Stephens","ChristyDodson","rita@pugh.tw",true
3860,3915,47,12.3972,"Ronnie","Dodson","LesterKramer","sarah@pope.by",true
3861,3916,16,18.6746,"Rick","Clarke","BenjaminJustice","lois@copeland.cd",false
3862,3917,33,19.7526,"Shannon","Monroe","LesterSolomon","kimberly@steele.tw",false
3863,3918,48,16.0781,"Chris","Hoover","MaryBerger","dianne@allison.in",true
3864,3919,4,16.1602,"Monica","Lynn","TedKelley","jacob@murphy.by",false
3865,3920,35,13.5527,"Charlene","Boyette","BarryCase","dana@kay.com",false
3866,3921,11,18.7988,"Angela","Lam","JoyceDiaz","dean@park.cc",false
3867,3922,31,12.0089,"Mary","Bender","SaraWatkins","gloria@kang.gg",true
3868,3923,13,11.7565,"Bradley","Sharpe","AliceHarris","ben@rosenthal.pn",true
3869,3924,8,15.0727,"Mary","Davidson","YvonneFernandez","clarence@wolfe.mq",false
3870,3925,45,18.2561,"Leo","Pope","DianaCrane","constance@tilley.za",false
3871,3926,22,14.9784,"Douglas","Gold","AngelaBrantley","tim@spencer.ky",false
3872,3927,23,11.1735,"Justin","Bradshaw","MarcHorne","ellen@gray.sm",false
3873,3928,10,13.9891,"Pat","Morgan","FrancesStone","jerome@brandt.cw",false
3874,3929,19,18.4932,"Harvey","Bowles","ReneeHanna","harvey@mclean.es",false
3875,3930,37,16.717,"Geraldine","Stanton","JulianLamb","scott@hardy.rs",false
3876,3931,10,14.5596,"Michelle","Rice","MeganGibbons","todd@lanier.iq",false
3877,3932,30,18.2488,"Luis","Stuart","EdnaBender","aaron@rodgers.tl(changedfromtp)",true
3878,3933,9,15.0379,"Frances","Hawley","BobbyHarris","beth@wall.eh",true
3879,3934,36,13.8928,"Joan","Norman","KeithRichmond","laura@neal.lb",false
3880,3935,3,11.6963,"Rhonda","Frederick","CourtneyO","monica@beasley.bg",false
3881,3936,17,18.4164,"Bob","Hess","MarionSykes","christina@barry.si",false
3882,3937,40,16.3931,"Marlene","Walter","AudreyTownsend","george@pittman.sn",true
3883,3938,14,15.3107,"Dorothy","Sellers","BobMonroe","ronnie@peterson.zm",false
3884,3939,30,13.3741,"Shelley","Harrell","AlisonHumphrey","maria@bowling.ly",true
3885,3940,13,19.7559,"Nancy","Hoover","SueBowden","shannon@freedman.gov",true
3886,3941,8,11.9442,"Eddie","Gould","ReginaWaller","lester@harper.mz",false
3887,3942,29,14.5345,"Kim","Lam","FlorenceHewitt","marion@richmond.py",true
3888,3943,20,17.2281,"Geoffrey","Wong","SteveCrane","stephen@wang.lb",true
3889,3944,7,15.9957,"Constance","Olson","LindaMcLean","hazel@harris.gu",false
3890,3945,36,13.0075,"Francis","Schultz","ScottGrant","ethel@brock.ky",true
3891,3946,30,13.9365,"Suzanne","Byrd","MaureenRich","teresa@glover.ug",true
3892,3947,15,15.6174,"Hannah","Kennedy","TedCooke","kathy@garrett.nl",true
3893,3948,14,13.0403,"Craig","Fischer","JoanUnderwood","carol@hardin.pk",false
3894,3949,45,16.6043,"Rhonda","Chappell","DannyDouglas","frederick@hinson.ao",false
3895,3950,46,12.4232,"Charlotte","Hanna","CarolOlson","penny@ross.ax",true
3896,3951,24,16.4423,"Joseph","Eason","KatharineCannon","cathy@wallace.nf",true
3897,3952,15,12.6491,"Hazel","Chappell","JamieHenry","kimberly@lamb.gg",true
3898,3953,17,19.351,"Terry","Hayes","MarshaRao","marsha@boyette.fk",false
3899,3954,12,15.0218,"Theresa","Lucas","JeanneCaldwell","eva@weiner.bf",true
3900,3955,43,19.8926,"Ricky","Lucas","GeoffreyOwen","hannah@hu.ls",false
3901,3956,43,10.3647,"Audrey","Paul","LauraCaldwell","rhonda@gordon.ye",true
3902,3957,48,16.0577,"Christy","Hayes","NinaStark","dolores@underwood.va",false
3903,3958,46,16.9558,"Vicki","Bradshaw","LillianBlackburn","sarah@sutton.sy",false
3904,3959,43,11.3711,"Gary","Glover","NinaShapiro","beth@langston.mg",false
3905,3960,40,16.4065,"Alicia","Underwood","ValerieMcKnight","florence@ashley.sb",true
3906,3961,30,11.2284,"Lynne","Gibson","CatherineLehman","zachary@bowles.gov",false
3907,3962,32,17.2005,"Ben","Chung","AmyFranklin","george@burgess.py",false
3908,3963,29,10.6413,"Ethel","Knowles","JoyceKelley","kelly@brantley.mh",true
3909,3964,5,10.7499,"Tracy","Stephens","EdwinMoss","neal@o.cl",true
3910,3965,45,11.5404,"Ben","Whitaker","NinaHodge","craig@denton.io",false
3911,3966,44,15.7732,"Sue","Waters","LorraineGraves","sue@kemp.ae",true
3912,3967,38,17.9819,"Annette","Bradshaw","BarbaraDrake","glenda@watts.tv",true
3913,3968,29,13.0776,"Dorothy","Lutz","VincentFriedman","colleen@byers.mx",false
3914,3969,38,13.2511,"Brenda","Desai","MalcolmCoates","neal@wrenn.bn",false
3915,3970,35,18.5426,"Erika","Cobb","BarbaraHendrix","lester@hayes.bj",false
3916,3971,39,16.4067,"Jacob","Bradshaw","NatalieTerrell","arlene@roach.au",false
3917,3972,23,14.916,"Henry","Olsen","AshleyThomas","jeanette@carver.gw",true
3918,3973,5,14.3008,"Paige","Pate","StacyNixon","gail@pittman.af",false
3919,3974,36,18.9725,"Neal","Jenkins","EddieLutz","amy@fisher.gg",true
3920,3975,27,11.08,"Judith","Sharma","BobCooke","zachary@mangum.gf",true
3921,3976,25,17.0209,"Calvin","O","BobbyBarton","paige@berger.gs",false
3922,3977,6,19.1391,"Karen","Rice","JustinHewitt","franklin@lopez.to",true
3923,3978,30,19.6701,"Greg","Ross","CatherineScott","milton@bowles.bl",true
3924,3979,11,18.0586,"Veronica","Zhang","PatrickKelley","susan@dalton.so",false
3925,3980,13,12.1372,"Gretchen","Beatty","RuthFitzpatrick","jose@jennings.bd",true
3926,3981,49,14.6045,"Bernice","Lamb","JudithHuff","sidney@roach.lk",true
3927,3982,16,15.3656,"Tammy","Waller","WesleyStevenson","neal@hunt.fr",true
3928,3983,14,14.7736,"Lynne","Barton","TheodoreReilly","gary@harrell.tl(changedfromtp)",true
3929,3984,20,10.7513,"Pauline","Barton","JudithRobinson","melissa@dickerson.dz",true
3930,3985,45,14.3577,"Kathleen","Barrett","AnneBurke","melanie@mcfarland.py",false
3931,3986,39,19.6758,"Vicki","Little","ShirleyKlein","dana@pickett.dz",false
3932,3987,35,17.6153,"Edwin","Clements","GeraldineRiddle","samuel@bender.nl",false
3933,3988,3,15.9224,"Gayle","Crane","JonChoi","wesley@sullivan.gl",true
3934,3989,6,16.4462,"Kelly","Rubin","NealDickinson","shirley@whitley.eg",true
3935,3990,28,18.1918,"Franklin","Wang","MarshaBrantley","ricky@welch.edu",true
3936,3991,23,16.2505,"Charlene","Arnold","HarrietCoble","gina@hill.sn",true
3937,3992,4,17.3988,"Neal","Hobbs","MiltonWeiss","rita@brandt.ms",true
3938,3993,0,15.7651,"Charlene","Archer","WesleyBlackburn","rick@macdonald.ru",true
3939,3994,4,16.7784,"Jennifer","Dunn","KennethStarr","nicholas@harris.cr",true
3940,3995,38,12.7113,"Marshall","Levine","MichelleBlair","natalie@hinton.cw",false
3941,3996,5,11.6977,"Kerry","Pittman","DorothyBeck","amanda@lopez.eh",false
3942,3997,39,10.502,"Rachel","Paul","TonyaBecker","stephen@goldberg.sr",false
3943,3998,42,15.7081,"Molly","Livingston","PatDavenport","robyn@whitley.at",false
3944,3999,0,13.9725,"George","Cox","DorothyBarton","anne@watson.gq",false
3945,4000,18,11.0585,"Neal","Weber","JordanPickett","alvin@benton.af",true
3946,4001,3,17.43,"Gayle","Marks","SteveBaker","lester@boswell.dm",true
3947,4002,42,15.5091,"Arthur","Lutz","ToniBecker","brian@berger.bh",true
3948,4003,19,13.441,"Randall","Cowan","FrancesColey","alex@cline.bj",true
3949,4004,39,17.3121,"Anne","Sullivan","KyleChu","theresa@francis.hm",true
3950,4005,0,13.8583,"Eddie","Glover","CynthiaYork","rita@conrad.lk",false
3951,4006,3,14.2169,"Michelle","Burnett","GeneHardin","jennifer@hicks.es",false
3952,4007,43,14.9166,"Florence","Stone","JoyceGross","jon@huff.pg",false
3953,4008,6,11.3985,"Phyllis","Hardison","AllenGill","marguerite@gibson.tj",true
3954,4009,39,19.6986,"Amanda","Case","CurtisStone","calvin@crabtree.in",true
3955,4010,29,16.4261,"Neal","Sherrill","GeraldineOwens","lillian@horne.br",false
3956,4011,37,14.7349,"Eugene","Blalock","JustinWhitehead","sherry@barton.nc",false
3957,4012,36,19.7443,"Hugh","Rosenthal","MargaretHanna","billy@song.cy",true
3958,4013,24,13.9802,"Marcus","Love","AshleyAlston","alex@lindsay.hm",true
3959,4014,26,17.0803,"Neal","Willis","AlexSherrill","allan@middleton.ar",false
3960,4015,6,17.4447,"Jason","Olson","HarveyGarcia","brenda@fuller.gn",false
3961,4016,23,16.7089,"Harriet","Sharma","GeorgeCasey","betsy@owen.mf",true
3962,4017,46,17.0102,"Eugene","Sinclair","NatalieHorne","edna@thomas.bs",false
3963,4018,22,14.3488,"Kristina","Pate","AliciaVaughan","zachary@hanson.ne",true
3964,4019,18,16.1923,"Kristin","Walters","NealOlson","amy@dunlap.mt",true
3965,4020,12,16.7668,"Jackie","Dunn","NicholasScarborough","jordan@rosenthal.bv",true
3966,4021,8,13.423,"Kathleen","Dickerson","LeahRice","jose@pope.br",false
3967,4022,13,12.2638,"Eleanor","Sharpe","BetsyLi","jimmy@blackburn.cn",false
3968,4023,32,12.5016,"Kyle","Wu","CurtisKeller","joseph@steele.by",false
3969,4024,43,16.3816,"Nicholas","Finch","SarahOwen","raymond@cooke.mo",false
3970,4025,23,19.5,"Sheryl","Bowman","LloydChu","sarah@silverman.mf",true
3971,4026,38,17.8558,"Jan","Gibson","NelsonKramer","megan@coley.tv",false
3972,4027,20,10.8475,"Louis","Caldwell","NealMatthews","patricia@daly.nf",false
3973,4028,2,19.8546,"Don","Woods","TamaraKoch","ernest@sanchez.ch",false
3974,4029,25,11.9233,"Eileen","Wiggins","JimKaplan","jane@dolan.ca",false
3975,4030,4,10.3208,"Jeanne","Parrott","LesterKatz","christy@fernandez.fj",true
3976,4031,31,11.587,"Sherry","Branch","GlendaFinch","brent@matthews.us",false
3977,4032,32,17.8311,"William","Erickson","TheresaStout","rhonda@stanley.cd",true
3978,4033,31,12.1432,"Brenda","Cassidy","ChristyHarmon","george@lucas.mu",false
3979,4034,17,17.0739,"Lawrence","Moran","KimberlyStanton","joel@copeland.bh",true
3980,4035,15,15.2557,"Ben","Goldstein","LoisJensen","gretchen@hartman.td",true
3981,4036,20,17.2467,"Julian","Coble","ShirleyGrossman","joan@carlton.iq",false
3982,4037,0,12.1714,"Sheryl","Joseph","DonnaBerger","stacy@parrott.gg",true
3983,4038,37,13.9827,"Beth","Casey","PatsyDaly","kelly@stephens.mv",true
3984,4039,6,12.0247,"Annie","McLeod","CarolineBowers","debra@atkins.mm",false
3985,4040,36,12.5566,"Claude","Cassidy","TimothyMiles","angela@lawrence.mp",false
3986,4041,25,11.1762,"Jeff","Bowden","AlexMiddleton","martin@garrison.do",true
3987,4042,37,15.7637,"Milton","Sawyer","ReneeWagner","kelly@wilkerson.sl",true
3988,4043,40,19.4418,"Eileen","Parsons","WilliamMcMahon","karen@burgess.bn",false
3989,4044,34,17.718,"Lawrence","Atkins","NealMcNamara","jordan@robinson.mc",true
3990,4045,2,19.8306,"Anne","Rowland","LucyHenry","harold@parrott.km",false
3991,4046,16,11.8862,"Monica","Gould","NicholasBradley","katherine@eason.tw",false
3992,4047,37,10.9187,"Audrey","Bowden","JulianDawson","anita@merritt.py",true
3993,4048,40,12.2816,"Bradley","Singer","TheresaWagner","jonathan@francis.gh",true
3994,4049,7,13.25,"Russell","Coleman","AlfredCurtis","claude@fletcher.fo",true
3995,4050,27,17.0474,"Gretchen","Wolf","DannyBanks","erin@shaffer.er",true
3996,4051,31,13.6446,"Joy","Henry","LynnHanna","carolyn@waller.al",false
